id,label,qwen35_peft,gemma4_peft
006a5e3f-7761-436b-808c-e57293a96b03,extrinsic,extrinsic,extrinsic
013db737-b4ea-47d0-b58c-e446e0bef9a4,extrinsic,extrinsic,extrinsic
019f1adc-f925-4634-afb5-9274c97977d5,extrinsic,extrinsic,extrinsic
01b816e4-6c24-44f1-8750-aac944d1699a,intrinsic,intrinsic,intrinsic
02401e3a-2ace-45fb-b324-c4bfbe3410c7,intrinsic,intrinsic,intrinsic
0246525a-0073-4316-ac9c-997e3d0b1ea0,intrinsic,intrinsic,intrinsic
0377d17d-52f2-4cf8-9fa2-4b5518bbe36e,no,no,no
039d1c83-71ef-45a1-a471-7e82c05d5585,no,no,no
03b56636-ee1f-4613-b2e6-d2756f047c43,intrinsic,intrinsic,intrinsic
03d6b900-4274-4c9d-960e-fd17b74e7838,intrinsic,intrinsic,extrinsic
03da102d-0d84-4626-96f8-42cce765a851,extrinsic,extrinsic,extrinsic
0431877e-10cb-4ba1-b81a-b3986104db06,no,no,no
043b1530-bfda-403e-a145-c40bd084bc78,no,no,no
0442c851-0139-4674-9701-99c8961efc1a,no,no,no
045da53f-c287-4628-8553-04a26154752c,intrinsic,intrinsic,intrinsic
048d8519-4b08-4545-82e5-dc03d3073a4a,extrinsic,intrinsic,intrinsic
049ab751-5089-4f6c-a733-600f62d605d8,intrinsic,intrinsic,intrinsic
04bc7600-a6db-4df0-8bd0-921b4116d62b,no,intrinsic,no
050be092-496a-46f6-bf29-9362e2a55994,no,no,no
0554b51e-7ee0-47b4-8b5b-2e76359aa067,extrinsic,extrinsic,extrinsic
05731b45-1353-4c4f-a92c-6048a7b3efb9,no,no,no
05ab72dc-ce39-42fb-9e22-a91bd3af47ea,intrinsic,intrinsic,intrinsic
05afefe6-592c-4a7d-a621-b1ebf06d9c75,extrinsic,extrinsic,extrinsic
060f4019-5287-4c18-b110-fd7bb7584ac6,no,no,no
0616a533-d862-4358-b673-d0689f5bf3b7,extrinsic,intrinsic,intrinsic
06d70c60-2657-4277-96b2-ba9629fa3cb7,intrinsic,intrinsic,intrinsic
06ebea89-ed0c-4cdd-bba8-96bed93d9207,no,no,no
06efcb15-9c9d-406f-9951-416ad3e1e0b2,extrinsic,extrinsic,extrinsic
0733f18b-2b93-4701-bb09-24e98e277869,extrinsic,no,no
076e4480-300b-4b00-a1e7-a246268ff83a,extrinsic,extrinsic,extrinsic
07bb8081-cc11-4fde-b450-27ebe19e0250,extrinsic,extrinsic,extrinsic
07d3d0a4-c3e6-4ab6-bc7a-7dc4ce42f1dc,no,no,no
081d90bb-d009-4936-a4be-52fc38e07d9e,extrinsic,extrinsic,extrinsic
08bebd86-b188-427a-8223-f94f650f7a78,no,no,no
08c02ca3-312d-4246-8b75-1ea77b06f32b,intrinsic,intrinsic,intrinsic
09418b50-74b0-4d47-b6ae-8d576efeb31f,extrinsic,extrinsic,extrinsic
0942cd2c-4d54-4708-9898-111a9ab8c98f,no,no,no
09955620-89d3-447d-a7e7-de664cee943a,intrinsic,intrinsic,intrinsic
099c3eeb-e3c3-4b61-a9a1-8879906518aa,extrinsic,extrinsic,extrinsic
09dff75b-e015-4da9-840a-7b094e8a6b2c,intrinsic,intrinsic,intrinsic
0a570d57-1a3d-4f80-bfd4-6a8106748ac5,intrinsic,intrinsic,intrinsic
0a8571ab-f1f3-4d22-8d96-8b14dc32df18,extrinsic,extrinsic,extrinsic
0adeffce-5349-4930-bf51-6ac15271863c,no,extrinsic,no
0adf0b65-f2d5-4fa3-b435-bba2ea3f642f,no,no,no
0b899227-2717-4cca-a193-758bfb4adba8,no,no,no
0b9c6334-db67-411d-aa0e-5c1ddf1920a9,extrinsic,extrinsic,extrinsic
0bb6a4bb-7407-4841-9843-2d39d0c4aca8,intrinsic,intrinsic,intrinsic
0c4dda48-6f95-493f-8fc3-7a451c00769c,intrinsic,intrinsic,intrinsic
0c888f6c-0b20-4631-a5b3-c891f49032ff,no,no,no
0c9b4bdd-65bb-45f8-8794-3068ef8cf2ae,no,intrinsic,no
0ca56126-c42d-406e-8f5d-ee6e2c006167,intrinsic,intrinsic,intrinsic
0ccc3bbd-7ea5-4908-a578-aa590d2d5c47,intrinsic,intrinsic,intrinsic
0d432373-1ce9-4089-bf6b-fb1e6a0be21d,extrinsic,extrinsic,extrinsic
0d57d8ba-329a-4b03-b5c8-e0febd980ef7,extrinsic,extrinsic,extrinsic
0d71f00e-bb99-475b-b1bc-fda8cce8d9f2,intrinsic,intrinsic,intrinsic
0d726095-43c6-4309-a87f-90505702e270,intrinsic,intrinsic,intrinsic
0da7976d-327a-4d6c-8dbf-91ec02ae184e,intrinsic,intrinsic,intrinsic
0dca3d27-9693-4151-8cc8-22ed8561ab2f,extrinsic,extrinsic,extrinsic
0e08a52a-8ba2-4a76-9e81-9a4a7dd7c8a3,no,extrinsic,extrinsic
0e4f1812-6a27-4403-b021-5de41ca12c6e,intrinsic,intrinsic,intrinsic
0ed982fd-92a8-47bd-8dcb-6603c399e59f,extrinsic,extrinsic,extrinsic
0f2edf26-0e33-4ef3-9c09-5386843dd39a,extrinsic,extrinsic,extrinsic
0f530ad7-2cf0-427d-9c49-7f1dd3846d68,no,no,no
0f6a1319-6596-4427-9750-b8f9658acd3a,no,no,no
0f735a0d-6377-4b9b-9cc7-3dc26cf9bfef,no,no,no
0fc620d0-0c4a-4599-ad11-f560e30ff282,extrinsic,extrinsic,extrinsic
0feb0ec9-f28d-4ba2-bc87-54581fea2212,intrinsic,intrinsic,intrinsic
10181710-9482-4f79-bf1b-5384dc0021de,intrinsic,extrinsic,extrinsic
1044b37b-cd1b-42c9-946e-548d6b9ba2e8,extrinsic,extrinsic,extrinsic
10797081-08d9-4f80-86c9-c90d47557dd7,intrinsic,intrinsic,intrinsic
1086d8f5-7427-434f-accc-e89452a6ec0b,no,no,no
1098ecca-572a-4708-be54-839194190c8c,intrinsic,extrinsic,extrinsic
10a7e18e-03e7-40a2-98a1-47aedddd61c3,no,no,no
10ab3705-208b-4077-b552-1f6c03db25d6,extrinsic,extrinsic,extrinsic
10b6b700-d142-4559-bf6d-16cec8ef2794,extrinsic,extrinsic,extrinsic
10ca96f5-21c6-4c3c-832e-8bc9d3d35405,intrinsic,intrinsic,intrinsic
10fca062-d343-4eca-8434-93c7a8aa5e0e,extrinsic,extrinsic,extrinsic
11407e60-7632-461e-9c49-817e8afbc33e,intrinsic,intrinsic,intrinsic
11457616-9102-4054-b85e-4e479c63fe42,no,no,no
114a0f7a-4bce-4ebb-aa3b-d2c2d46835a1,no,no,no
1150da4b-fdcd-47a2-a9b3-4cbdb3d72bbb,intrinsic,extrinsic,extrinsic
11ac0fc8-d234-4381-9f54-2df9e3d0c582,intrinsic,intrinsic,intrinsic
11bb8c1d-66af-40e9-b77f-d39a517cfb98,intrinsic,intrinsic,no
11c71e15-d58f-43a5-adaa-ab04d3430ff0,extrinsic,extrinsic,extrinsic
122278cc-f272-4e76-a4ab-8ebf2a8cf0a4,extrinsic,extrinsic,extrinsic
124074da-d7d9-453f-9a7b-68007c1c0690,extrinsic,extrinsic,extrinsic
1244e817-7a2e-49f0-ac6f-5d511a308e37,extrinsic,extrinsic,extrinsic
1254e0a6-ccfa-42e3-b334-129348fe0e34,intrinsic,intrinsic,intrinsic
1294caeb-3447-4ffc-9f27-22a7ffccc79f,no,no,intrinsic
12998386-6d1d-4f88-a6f9-4350dcd0adce,intrinsic,extrinsic,no
12b46204-6c97-4ee4-a63e-67c309e552af,no,extrinsic,extrinsic
13d473d8-9c96-40f3-9e13-ff9aa7a6cede,intrinsic,intrinsic,intrinsic
13d5d711-93ac-4729-b723-81e09002f1df,no,no,no
13f04401-d8b1-452b-aaa9-f07ef6ddfe8b,extrinsic,extrinsic,extrinsic
140154e7-b35f-4116-999b-7da938b2a708,intrinsic,intrinsic,intrinsic
14668de6-ed3d-4056-b0c7-cead2579a415,no,no,no
14e3d6af-d78b-42ea-9287-ed846e314a41,extrinsic,intrinsic,intrinsic
14e3ff02-1208-4645-9bef-e045430dcf76,extrinsic,extrinsic,extrinsic
1562af5d-dbf7-46a4-817a-579d901540a3,no,no,no
159db87b-8039-4af4-844a-292352a71852,no,no,no
15ac1853-386f-4bcf-9306-b9e8a6928c70,extrinsic,extrinsic,extrinsic
15bde65d-c31b-4356-bed2-72e3a09ef54e,intrinsic,intrinsic,intrinsic
1646c7ee-ff1e-450f-bd26-0ecaf878b5eb,intrinsic,intrinsic,intrinsic
16584b68-63f6-4b60-adcc-23be6ab84ccf,intrinsic,intrinsic,intrinsic
1665cfcc-8df6-4669-9e33-fa4fa6198d55,no,no,no
16b77706-4d51-4a7a-9f9f-a795546c83f3,intrinsic,intrinsic,intrinsic
179a45c6-6a28-4914-84dc-2b3aca6c04bd,extrinsic,extrinsic,extrinsic
18063ea3-645d-409e-8f88-b48231431a76,no,no,no
1832ca79-4a46-4dec-9eb2-2e66bab4924d,extrinsic,extrinsic,extrinsic
1836370a-7484-4f0d-b066-9e715284d811,intrinsic,intrinsic,intrinsic
1841f9ca-72ff-49e6-bc02-3667e89b8b06,extrinsic,extrinsic,extrinsic
188cdec3-076e-4817-9f50-4224bf8bb766,intrinsic,intrinsic,intrinsic
18b40eb4-3e8d-445e-af1b-aaba3252c06b,extrinsic,extrinsic,extrinsic
18c10642-489d-4877-8e43-e2ebe53deee3,extrinsic,extrinsic,extrinsic
1915e182-35e0-48e9-807a-9393469d70e7,no,no,no
191b6bc4-c2a5-4c0f-a735-98594e4781ca,intrinsic,intrinsic,intrinsic
19257cbf-698a-49cb-bf2d-707340d98d90,no,no,no
196df641-af5c-4ed4-ba6e-1d090d060b30,no,extrinsic,intrinsic
1976fdd3-525b-41df-b6f1-a97c34e67ece,extrinsic,extrinsic,no
199422ec-b343-42d4-825e-112784a140f0,intrinsic,intrinsic,intrinsic
19b183cd-ebdf-43aa-9ce0-d2e46735762a,extrinsic,intrinsic,intrinsic
1a5f8057-cc60-496e-9167-db722ec4e67e,intrinsic,intrinsic,intrinsic
1a6b177c-6f28-48f1-b40d-199b90f89b94,intrinsic,intrinsic,intrinsic
1b15b2ba-0633-49a7-b0bd-44a8eeef287a,extrinsic,extrinsic,extrinsic
1b18404f-ef19-4375-a89e-556d21d9c5ff,no,extrinsic,no
1b38fa80-c908-48ab-9a3b-3949dec6cc3e,no,no,no
1bdac536-5070-46dc-9d59-77fb6bb143ab,extrinsic,intrinsic,intrinsic
1c16e54f-a9df-4827-93dd-862797e1faf9,extrinsic,extrinsic,extrinsic
1c209954-aca5-49b0-b43b-e3993cc37d97,no,intrinsic,intrinsic
1c655028-7708-49d7-a824-49def16fa26d,intrinsic,intrinsic,intrinsic
1cb2c217-e57e-488d-bb19-60a8932873e8,extrinsic,extrinsic,extrinsic
1cc5b0cb-1c5e-4fab-9d38-9f8be443e0d0,no,no,no
1ce4f2bb-6071-4f3b-af40-d8e5fac6cf74,no,no,intrinsic
1ce5360d-f200-4615-96f7-f766b6701652,no,no,no
1d46916b-816c-44ff-b1ad-940d3b62133b,intrinsic,intrinsic,intrinsic
1d93636f-6355-49c8-8552-948706320993,no,no,no
1d9c337f-feff-4347-91c7-316e32f74ae6,extrinsic,extrinsic,extrinsic
1defa678-3fec-4fad-9727-50e79c2c4ca7,intrinsic,intrinsic,intrinsic
1e659072-b1e9-4dc5-a7a3-d0522c08eab5,extrinsic,intrinsic,extrinsic
1e7000bc-3f91-4a91-b27b-ca350eae60c3,no,no,no
1e9c7c50-23b2-43c9-b60e-e366945d023f,extrinsic,extrinsic,extrinsic
1ecc863b-f95b-4030-993c-17615bb4185e,no,no,intrinsic
1efeffb2-ac1f-499f-b910-b10559005e27,extrinsic,extrinsic,extrinsic
1f15bb88-43f9-40ed-a104-217757fccbad,intrinsic,intrinsic,intrinsic
1f2366fa-9b3a-4b00-a887-6f0b552f846b,extrinsic,extrinsic,extrinsic
1f2f7322-ae03-4d48-9221-75f08c1a79b7,intrinsic,intrinsic,intrinsic
1f667a7b-f94f-4b8f-9d3c-faba5281e22f,intrinsic,intrinsic,intrinsic
1f6e5847-e104-426f-991c-0bd8a41c9dc6,intrinsic,intrinsic,intrinsic
1f836260-3f37-4486-9e26-9e2b073a8b08,intrinsic,intrinsic,intrinsic
2015112c-19f8-42bf-b419-f8800b70fe72,no,no,no
201752e9-8fc2-4364-a4fd-3c4cb23e2d9f,no,no,no
203d8691-ee52-4447-bceb-9f1b5f4ef7dd,no,no,no
2072f9bc-be56-49ce-be74-aa15f403b84d,extrinsic,intrinsic,intrinsic
2079e4c5-58df-4aac-8b2c-056cff072096,intrinsic,extrinsic,extrinsic
209156a5-84ab-40a9-b514-eb5b83c27ebb,intrinsic,intrinsic,intrinsic
20b0fb64-2d5f-4e70-9888-12dbb46258a9,no,no,no
20caf40c-4e55-4d04-a88e-680f327ad094,intrinsic,intrinsic,intrinsic
21134fd9-5cd4-4b44-a1d3-dca218411260,no,no,no
2116b28f-4a3f-4f71-9f75-baeb0ff87dc6,no,no,no
21175733-b402-48e8-854b-cb38df26f6cf,intrinsic,intrinsic,intrinsic
2129a56e-9ee2-4882-a93d-a701ff473354,intrinsic,intrinsic,intrinsic
2198de54-aec8-42ae-8bfd-b97d033f976b,no,no,no
21a84bb8-51a4-4ba4-abbd-d5c9735dfc56,no,no,no
21b9d84a-7aa1-4498-9e5a-979a82be99b7,extrinsic,intrinsic,no
223f5167-5292-43aa-9bb2-f725f46d0bdb,extrinsic,intrinsic,intrinsic
233c4d23-bf6b-4a47-8b2c-cf3788554ff1,extrinsic,extrinsic,extrinsic
235b0a27-4da8-4f01-8890-79f39832e7e3,intrinsic,intrinsic,intrinsic
23981b86-9b1e-43f2-b332-3a8fd02977bf,extrinsic,intrinsic,intrinsic
23d55d5a-b353-4425-84ca-940b7ce5094d,no,no,no
24a2764c-a7e8-4880-8700-8ce19c4b9b35,intrinsic,intrinsic,intrinsic
250457e8-55bb-4931-9c8e-e7713a5a0406,intrinsic,intrinsic,intrinsic
2544e5be-a48c-40de-9fa7-fb910abde55d,intrinsic,intrinsic,intrinsic
25ce5067-b231-46c2-a9b8-f340f8e4ee2e,no,no,no
25d3dd8d-f03e-4beb-928b-e4883ab7841d,no,no,no
25e869b6-1a45-4c09-b638-ee0eff7a2db9,intrinsic,intrinsic,intrinsic
261282b3-8950-43ee-938a-84ce9cb1bfac,extrinsic,intrinsic,no
261b77ce-e709-4e0f-b29e-f1a83757078d,extrinsic,extrinsic,extrinsic
26de0fc0-f18c-4e8d-a252-e678c3bddcb7,intrinsic,extrinsic,extrinsic
26edc790-02e8-4070-900f-5a0dd212461a,no,no,no
270b66d8-2c67-4392-914c-168639868c09,intrinsic,intrinsic,intrinsic
273658bf-7044-4ff2-82cc-06f14b2f18c4,intrinsic,intrinsic,extrinsic
277d20e3-e64f-45e0-9812-52fa863efdbc,no,no,intrinsic
27873b06-70f6-47af-b441-42fa779791d3,intrinsic,extrinsic,extrinsic
28148c1f-c4b1-4245-af2b-949fce7d8c4f,intrinsic,intrinsic,intrinsic
291dde65-e605-4981-920f-ece1ad1f7045,intrinsic,extrinsic,intrinsic
29487f0c-6fc7-4f86-9674-87cdf0ca17c9,extrinsic,extrinsic,extrinsic
296067b1-2d22-4673-91ec-8c2c9dd1fc83,intrinsic,intrinsic,intrinsic
29748c0a-27e3-47f3-8471-d9ce547f64ce,intrinsic,intrinsic,intrinsic
29915e64-66c2-4d46-af9e-5c2b7d344900,no,no,no
29c91054-8557-4955-a784-3ded474c6e98,extrinsic,intrinsic,intrinsic
29c9728d-49ed-40db-9374-ce2995629e5f,intrinsic,intrinsic,intrinsic
2a0b0cd2-2e87-4a2b-a9be-c2313404909e,extrinsic,extrinsic,extrinsic
2ab97c9e-b513-4c78-a9ff-f16daeb49977,no,no,no
2b4128b7-39b7-47e7-8249-dfd8419857ca,no,no,no
2b7d6c3b-503a-4fc2-8366-ad2e9b05cdfa,extrinsic,extrinsic,extrinsic
2c06dd32-8190-447a-b209-e4d5d944c551,extrinsic,extrinsic,extrinsic
2ce63066-cf2a-449a-8bb3-27915f3fc41b,extrinsic,extrinsic,extrinsic
2d12c7d0-9bf4-4c78-8f96-5538cfdaefdc,extrinsic,extrinsic,extrinsic
2d1a4940-e307-4236-baad-e9f34d5da05f,no,no,no
2db0803d-654b-4be1-afd4-358820db66bc,no,no,no
2db7d533-9d5b-496f-8c07-2db4c8d624b8,extrinsic,extrinsic,extrinsic
2ea075e3-d552-4ed5-ab24-5d577e97873a,intrinsic,intrinsic,intrinsic
2f44f095-6680-4685-96a5-c66cdc94fdff,extrinsic,extrinsic,extrinsic
3082d648-461e-4d10-be6a-e6e8692ca661,intrinsic,intrinsic,intrinsic
311dcb3f-3a86-4166-9bc8-e4e5c0728903,extrinsic,intrinsic,intrinsic
314beff4-e229-47f8-a034-c2d778ebbbf9,extrinsic,extrinsic,no
3153ab00-03b1-46c4-a354-c337d0ee8015,extrinsic,extrinsic,extrinsic
3177b256-6607-4709-baf4-24786bbfccbb,extrinsic,extrinsic,extrinsic
3187b1b9-921a-468d-b7e3-561a9d9f99bf,intrinsic,intrinsic,intrinsic
319af740-b526-468e-b85d-f14737776ef6,extrinsic,extrinsic,extrinsic
31a8b6e6-b193-4555-98b8-8c71b111d925,no,extrinsic,intrinsic
31da1821-6f59-481a-9079-de18ac7bf9e0,intrinsic,intrinsic,intrinsic
31dcccd3-b788-4863-92fb-49bf99c32234,intrinsic,intrinsic,intrinsic
31e5d040-b575-4e61-b940-5d09af217157,intrinsic,extrinsic,extrinsic
3216e20d-2c80-4eba-9878-d0bd9ba1e423,intrinsic,intrinsic,intrinsic
32bc7468-8348-4891-8eb1-1bc876577809,no,no,no
32c80a25-92c5-44e2-8bf9-f9c9aa9c4029,extrinsic,extrinsic,extrinsic
32e7442c-b6c6-48bc-b1f4-81ffd2e64b35,no,no,no
331cba75-482d-460d-b17b-1f11dc70565a,extrinsic,extrinsic,extrinsic
3352b598-8e2b-4c16-a340-098b01e4fbcb,intrinsic,intrinsic,intrinsic
336cfb8e-b484-47f7-9990-697cda0e2485,extrinsic,extrinsic,extrinsic
3411bc8b-a682-4b24-87a3-45fc670969cc,extrinsic,extrinsic,extrinsic
342376f8-39c9-42ec-a1db-84def5c2e109,extrinsic,extrinsic,extrinsic
343660dc-e97b-4c29-82d4-02e2103f808a,intrinsic,intrinsic,intrinsic
34d750bf-26ee-4b8d-9349-441a33599ac4,extrinsic,extrinsic,intrinsic
35913c93-2874-492f-8b0e-1670fadf5f98,no,no,no
35acffa0-f78d-4ab2-82e0-897c5d098053,extrinsic,extrinsic,extrinsic
35b0bcee-ff3f-4170-9221-6af0115b804e,no,no,no
35ed8439-838d-488d-b26e-8c2ef92855d3,intrinsic,intrinsic,no
3623f076-fc04-4f31-a55f-a9e094b3e626,intrinsic,intrinsic,intrinsic
36f65345-0aeb-43a2-9504-fe3daad0c6cd,intrinsic,extrinsic,extrinsic
371d50cf-8f3f-415b-b05d-054bcdaa06df,extrinsic,extrinsic,extrinsic
373ae5b6-1dce-4f40-9311-2a9ead961a6d,extrinsic,extrinsic,extrinsic
37620528-4d71-418d-8260-0939463e8c0c,extrinsic,extrinsic,extrinsic
37a60dd2-7ffd-4c38-ae3d-2050f80759e3,intrinsic,intrinsic,intrinsic
37f4eeb7-6509-45f2-abaf-8211f97d7818,no,no,no
37f6856f-35f6-40c9-92c7-8bfc330e2869,intrinsic,extrinsic,extrinsic
386f605d-5555-4363-bd95-551215a6d6b7,no,no,no
388b90df-a41e-433c-87a6-7d22df341da6,no,intrinsic,no
38ff5303-57e3-4896-9b87-01c5caeeb849,no,no,no
3969c737-b5f2-4161-a123-077cd48138a1,intrinsic,intrinsic,intrinsic
3980b52f-611d-4981-a920-112fb84afd0b,extrinsic,extrinsic,extrinsic
3a4bed4f-4e93-4921-8265-da46ad28e499,extrinsic,intrinsic,no
3ab9a8f4-3aa4-4411-8e99-469c353767eb,no,no,no
3b4887fd-fa36-4398-9067-1b9092aeb8f0,extrinsic,extrinsic,extrinsic
3b565979-8c83-454e-b1d5-31c039f34905,no,no,no
3b71a4d4-d51e-430c-9341-c0a0899da48d,intrinsic,intrinsic,intrinsic
3b90978d-e54b-4584-a5b7-02a43a2c9047,no,no,no
3bc1b357-4b0f-4561-9a58-f46a850179f9,intrinsic,intrinsic,extrinsic
3bd8e2b1-5823-4b3f-8d52-c5513bf0d3d5,no,no,no
3cfeadb1-ab2e-440c-a0f9-bdadbe661ac0,no,no,no
3d9a8241-635f-4ac8-a2cb-9ff27eca2a68,intrinsic,intrinsic,intrinsic
3db821d1-05a2-4f74-af69-4cb3bca0ec59,intrinsic,intrinsic,intrinsic
3dd8b7c1-f08d-4b2a-bb31-e89724672867,extrinsic,intrinsic,intrinsic
3e124608-ba2f-4703-89fe-2a141f56c100,extrinsic,extrinsic,extrinsic
3e14e501-18f9-4cd2-a3a3-e4a8171aa956,extrinsic,extrinsic,extrinsic
3e874fd9-5442-4386-812e-cd6cff72aab0,intrinsic,intrinsic,intrinsic
3ee4b016-c343-41fe-bd78-9f2fc9785d60,intrinsic,intrinsic,intrinsic
3f0eba8b-45aa-4ce5-8b3c-b24f3afbe3fc,intrinsic,intrinsic,intrinsic
3f192861-e754-4288-a60a-2c5fa8765a49,intrinsic,intrinsic,intrinsic
3f3c516f-06c5-490d-948d-89e59c42b844,no,no,no
3faa9573-a716-4c44-9b46-8b008cb2cf7c,extrinsic,extrinsic,intrinsic
3fc98baf-0af3-4232-9e35-3174afb5c46c,intrinsic,intrinsic,intrinsic
3fd694f9-dce2-44c3-83c2-944903898e34,no,no,no
40296ec2-c69c-4893-91c1-f2b534908cfd,extrinsic,extrinsic,extrinsic
402fae17-50c5-422f-9111-689556cd7a49,extrinsic,extrinsic,extrinsic
40842db5-757c-4be0-b73c-33441604ef65,intrinsic,intrinsic,intrinsic
40e81550-63be-48e4-88ba-3f2b5191c50b,extrinsic,extrinsic,extrinsic
41766038-2d2a-4261-bcc7-28c5a16fce6e,intrinsic,no,intrinsic
42078d62-a494-4624-9626-6a7ebe0d8faa,extrinsic,extrinsic,extrinsic
42345bd5-70da-4409-929d-6a8d552324e5,intrinsic,intrinsic,intrinsic
423869b7-7eb0-417b-8ed3-3a270a16aee3,extrinsic,extrinsic,extrinsic
42977c96-f6fc-4c31-975e-eebe90473b59,intrinsic,intrinsic,intrinsic
42bb8350-b572-459b-aa5f-fc85200beeff,no,no,no
4332da62-948c-43ee-ab96-1fdaeafe6b2b,intrinsic,intrinsic,intrinsic
433e7a12-e2fb-4a93-9f7d-c8843e6fc757,intrinsic,intrinsic,intrinsic
437d31f6-984a-49af-b32f-780c33d24c07,extrinsic,intrinsic,intrinsic
438f0e69-3c2b-4929-a1d1-4398d2d09e53,no,no,no
44a5082a-f383-4c48-8701-fa6dcdb5f2d3,extrinsic,intrinsic,intrinsic
44c3ea35-6abc-4916-bf6a-3c9656f3a050,no,intrinsic,no
44c5f88b-77da-4421-9bfd-cd84213f28ca,extrinsic,extrinsic,extrinsic
44dfe355-4335-4ddb-9c11-20b6da1ab06b,no,no,intrinsic
44fee961-1efe-44e0-8267-8ff5a7f5c536,no,no,no
45dd6d4b-39a5-41ab-bc88-ff4b829f18c3,intrinsic,intrinsic,intrinsic
45efd5ed-f437-4bd2-a363-af7d952d5a1d,extrinsic,extrinsic,extrinsic
4659c61c-5fc9-48b1-b12a-a2df9e1c1f7e,extrinsic,extrinsic,extrinsic
469a7800-ba29-4247-88a3-748f17283dc2,no,no,no
46b183a8-e6d7-4ffb-bdcd-3b6ddfa32901,extrinsic,intrinsic,intrinsic
46b68372-9e6d-4b4b-811c-09bc73f0ba1b,extrinsic,extrinsic,extrinsic
472f986c-034f-48ed-9841-96b627208534,no,no,no
476867fe-465a-4a4b-9931-b8b02cea2448,no,no,no
476e8c85-4cc5-4160-b2aa-9906dac163dc,intrinsic,intrinsic,intrinsic
477d2c8d-48d7-424e-80f3-1308317dd345,no,no,no
47af6e80-f67e-4968-ac45-ea14138775dd,intrinsic,intrinsic,intrinsic
47e448f0-1c41-4bdb-b7a0-6f66045f643e,extrinsic,extrinsic,extrinsic
4831135f-f0d6-4601-bbde-14d3ca8ab6ec,intrinsic,intrinsic,intrinsic
4832a782-cea8-4ba2-b2cd-fb29a3771029,extrinsic,extrinsic,extrinsic
48b1ba66-e7aa-45f3-98cf-9baec3978c71,no,no,no
490b9055-169d-4487-89a0-9b40999b6632,no,intrinsic,intrinsic
494b6672-2a03-4f6a-a784-5e5d019a79b6,extrinsic,intrinsic,intrinsic
4973c8e4-78b7-4533-8425-7437f0af3a1b,no,no,no
49996a41-2b69-4441-a461-f8ec2fd045db,no,no,no
499e417f-289c-4ad5-a0bc-174cddafe62e,extrinsic,extrinsic,extrinsic
49a98b4c-c4df-4822-b319-498655ad583e,intrinsic,extrinsic,extrinsic
49d157e7-2bb2-4536-a3a4-e7becfaf6f31,intrinsic,intrinsic,intrinsic
49fc1087-4e68-4fb2-8207-7dfe0498534d,intrinsic,intrinsic,intrinsic
4a673b8b-ce22-4fcd-9d39-da95f6a073e4,intrinsic,intrinsic,intrinsic
4ac1fdf7-3e46-4218-bd3d-d8442327f179,extrinsic,extrinsic,extrinsic
4ad02bf1-a2a5-4b68-9b07-c105cef13809,extrinsic,intrinsic,extrinsic
4adb8ead-0296-4b81-8df7-7fa0281686d0,intrinsic,intrinsic,intrinsic
4ae1dadf-18fb-4ce0-aac2-a7456b44bb5b,intrinsic,no,no
4b479588-d505-4d1b-92e2-6882bc060e5d,intrinsic,intrinsic,intrinsic
4bb031b7-d132-43b7-9147-33a2dde22b7e,intrinsic,intrinsic,intrinsic
4bb4e65c-0364-49f3-9db7-5eada47b41b9,intrinsic,intrinsic,intrinsic
4bc78a0c-cbe8-4bbb-a0bc-3dfdb7f1ccc1,no,no,no
4bd20129-b566-474e-8181-061a893eed83,intrinsic,extrinsic,extrinsic
4c0e86ad-98a5-4a42-b831-ec11046f8ca5,extrinsic,extrinsic,intrinsic
4c71135e-b158-4604-b4b3-d21937a3c86a,no,no,no
4ca65433-431b-4e91-b9cc-3c246944199f,no,no,no
4d019d84-41d4-4c5a-8c84-daecab82b71d,extrinsic,extrinsic,extrinsic
4d266233-3751-487b-bf29-09a06bd09b3f,intrinsic,intrinsic,intrinsic
4d3914ca-5088-4c12-aeab-d392c0358cac,no,no,no
4d515b70-5df1-40f6-834b-e79be5aac3ef,intrinsic,extrinsic,extrinsic
4dffd160-d388-484b-a003-68c47e8ba6cd,intrinsic,intrinsic,intrinsic
4e726c11-1624-479d-a92f-7535b7387170,intrinsic,intrinsic,intrinsic
4ed46820-861c-4baa-b5db-69d5a6c0502b,extrinsic,extrinsic,extrinsic
4edd912f-b969-40f2-ae8e-341dbcfd55d6,extrinsic,extrinsic,extrinsic
4ee8454f-909c-4bb0-94d5-8ceb143fbcd1,intrinsic,extrinsic,extrinsic
4f55b213-0676-47e7-930b-ddd7f523f648,extrinsic,extrinsic,extrinsic
4f70502e-defb-422e-aabb-5aaa8d734abb,no,no,no
4fff5ceb-023a-47b1-bd05-e33add757db6,no,no,no
5010d887-d2db-432b-9949-d62970af5dc7,intrinsic,intrinsic,intrinsic
508efb13-5ec4-41cf-890e-6a8f525f29e9,no,no,no
50bdfa81-1562-4923-8f81-05fef194a303,extrinsic,intrinsic,intrinsic
50dc2744-5f69-4abf-ac69-f812e5bea1c6,extrinsic,extrinsic,extrinsic
512e2f8e-428e-4f95-8988-50a6793987ac,extrinsic,extrinsic,no
513bc9ad-a3d7-4407-a95d-c48b35fadfd2,extrinsic,intrinsic,intrinsic
5169404f-45ee-4224-bc16-0c1a7d82eabb,intrinsic,intrinsic,intrinsic
51ce0621-3c3a-40a9-9173-5380f19ed45b,intrinsic,intrinsic,intrinsic
5225f542-bcea-40a9-a9c9-55470f886479,extrinsic,extrinsic,extrinsic
524d36f9-c414-4731-b30a-c212aa01844b,extrinsic,extrinsic,extrinsic
52a2d03b-7fd0-4010-850c-eaa89c9929ef,no,no,no
52ca05da-cc68-492f-b45a-09d80d559892,no,no,no
539113c4-0a0f-4ce3-82ff-d069fb9bdc1e,intrinsic,extrinsic,no
53b8c7c3-6ff7-40a1-9689-e5d7cfd63d9a,no,no,no
53e3cc94-6347-4c70-9640-104b96b35091,extrinsic,extrinsic,extrinsic
53e634a5-da0b-4bc0-bb6e-73db854d864a,intrinsic,extrinsic,extrinsic
5408cc12-32b7-4e67-86cd-61dc593d3722,no,no,no
540b2ab0-5a90-4acc-b385-f4128c834559,intrinsic,intrinsic,intrinsic
5418ee94-9e37-41f2-8555-e8a73381180d,intrinsic,intrinsic,intrinsic
54880846-0a6f-42ab-94e5-75781903a6f9,no,no,no
54963756-9cdd-4f10-8786-76233511c41a,intrinsic,intrinsic,intrinsic
5531cf65-4dcc-4845-a01c-dd4a2a73705a,no,no,no
55703ed3-7a0c-46a7-bd7e-1de0e63549b5,no,no,no
55a20d8c-c0db-45a2-aedd-c7bc9b7dd363,intrinsic,intrinsic,intrinsic
55cf64d3-5fc5-4df7-9113-85c8c370ca41,intrinsic,intrinsic,intrinsic
55ebf3c5-b3ab-4407-98ef-9874f652946d,no,no,no
55fb1ad5-5e10-43be-9c4d-887c089e3080,intrinsic,intrinsic,intrinsic
564f35f9-93a2-43fd-b007-74077b1658fb,no,no,no
573e4b72-852d-4a3e-be40-1a74987b59da,intrinsic,no,no
574bc951-91dc-4272-bb77-d0e682a3add9,intrinsic,intrinsic,intrinsic
57ab8f18-3517-4bd8-bea5-9b8662f6de43,extrinsic,extrinsic,extrinsic
57ae56d4-6f75-464e-9626-58489d61597f,intrinsic,intrinsic,intrinsic
57e1025c-3829-49cb-b8ed-4f4bca5e9434,no,no,no
583b65e9-d9f5-46be-a67f-02d2091733c8,no,no,no
585d5648-a4f0-43a5-9e83-fcff4d149f74,extrinsic,extrinsic,extrinsic
5893b95d-b2ca-42d4-a863-cc9cebcb315b,no,no,no
589b09b5-f400-42cf-8848-d3b7951f0ba4,intrinsic,intrinsic,intrinsic
58e46cb1-c6e3-4f3e-8f8c-3ed51ae39229,intrinsic,intrinsic,intrinsic
5921f0f7-e629-4e01-9342-162baa2fe649,intrinsic,intrinsic,intrinsic
596ac8b9-4ef0-4107-af94-5a49144d09c1,extrinsic,extrinsic,extrinsic
59a81095-c4f4-448b-8dee-95db2f926518,no,no,no
59d38811-e370-4ae0-aa55-09672eac7c82,intrinsic,extrinsic,extrinsic
5a440cd6-7895-43e2-8730-ed51037dbcd9,intrinsic,intrinsic,intrinsic
5a881fe1-1fa3-4b63-9a87-d48f4b082f30,extrinsic,intrinsic,intrinsic
5aeab3f6-ec6a-4c55-9566-4ec263fa2c7a,extrinsic,extrinsic,extrinsic
5af23074-029a-4842-bff5-4c27d40d9c28,intrinsic,intrinsic,intrinsic
5b3b2297-1392-4c72-826d-2e1834593b3c,extrinsic,extrinsic,extrinsic
5b9d1abe-35a7-4f8e-95fd-c33a33e1ff9c,no,no,no
5bf1e47e-21aa-4b70-bd58-068a9aa7f79b,intrinsic,intrinsic,intrinsic
5c35f7b2-f715-42d0-b0f0-0f266965ea1c,extrinsic,extrinsic,extrinsic
5cf2ae11-dfab-47b5-9af8-99c68f0cb170,no,no,no
5cff659b-6ccc-4b82-b0ad-8a9477bd3956,no,no,no
5d05f417-3cab-4cb7-bd85-799ab9525ec3,intrinsic,intrinsic,intrinsic
5d3d7fcc-4fde-41d6-8569-08ebfdfd1131,intrinsic,extrinsic,extrinsic
5d902301-7f6d-4901-bad4-8841e46fae90,no,no,no
5dc5b70b-f6a8-4560-a0d6-076c5f8d98ca,extrinsic,extrinsic,extrinsic
5e2b460e-32fa-40bf-93ed-d3b77e949023,intrinsic,intrinsic,intrinsic
5e3e3fa8-1df1-4790-88f2-1421ef657b49,intrinsic,intrinsic,intrinsic
5e51b1db-17ee-4821-be29-908574c0bb75,extrinsic,intrinsic,extrinsic
5e66483b-ce44-40b7-9f8e-61ba378fb1f9,extrinsic,extrinsic,extrinsic
5e802c48-6965-40a2-a0f8-b6370170574c,no,no,no
5eb44bfe-809b-46d3-9f8b-634c32604bd6,intrinsic,intrinsic,intrinsic
5ebb4c56-4f0d-4227-b2d9-3514d64810e7,intrinsic,intrinsic,intrinsic
5edbe0c7-6389-46c4-9240-460d2ce9fbe5,extrinsic,no,no
5f494a9f-85d7-468f-b004-5efec541df20,intrinsic,intrinsic,intrinsic
5fd64dea-99f4-4378-94dc-ff4a420f2f69,extrinsic,extrinsic,extrinsic
5ffe34e8-c6f5-429a-9683-56535993d1f4,extrinsic,intrinsic,intrinsic
603b912e-4d33-4c66-8653-c09186ce32de,no,no,no
604605ba-e25a-4454-b7b6-00af74e2f692,extrinsic,extrinsic,extrinsic
60d4c55b-760b-467b-8b6e-b7c1626d6d68,intrinsic,extrinsic,extrinsic
6113ae79-189c-456a-831b-d367449efae1,no,no,no
61329087-f1e3-4787-a245-743b89a42b29,extrinsic,extrinsic,extrinsic
616c4215-a959-4eb3-9729-089edb3664a9,no,no,no
616e65ad-4595-4416-8bf4-26a31f463e19,extrinsic,extrinsic,extrinsic
61bf2ab4-b5e2-49ff-9559-ca8afbcb6efe,extrinsic,extrinsic,extrinsic
61d4e4f0-f10b-463c-a0b7-86436f0689b6,extrinsic,extrinsic,extrinsic
62119491-27b1-4d4f-bcac-d15de7daf51d,intrinsic,intrinsic,intrinsic
6213fab1-f5b0-4236-8ea9-05eeec9fe424,extrinsic,extrinsic,extrinsic
62228795-4506-4bdf-9c15-c1daf6fb8abb,extrinsic,extrinsic,extrinsic
6234c698-b7ab-403e-94b2-f81ab0f6e1a8,intrinsic,intrinsic,intrinsic
62517933-ee96-481f-82eb-4b4cb31749ac,intrinsic,intrinsic,intrinsic
628398a1-6aec-495f-a3de-4b42d1310d73,intrinsic,intrinsic,intrinsic
62b6a873-5283-4a20-b0d9-161efb57f4bf,extrinsic,extrinsic,extrinsic
6391e32f-6267-4fe0-919f-0f24c93865d7,extrinsic,extrinsic,extrinsic
6435d733-94be-4726-859f-6d15e905cd29,intrinsic,intrinsic,extrinsic
6440d0d9-d40f-4c8d-a600-7639e9413a30,intrinsic,intrinsic,intrinsic
6468d959-8b54-43dc-be20-fda67d4f9642,extrinsic,extrinsic,extrinsic
64f1de5d-67b1-404f-bc90-91ee1b54bb6d,no,extrinsic,no
6512706a-cce8-4782-882f-3d50f46375b1,no,extrinsic,no
65608738-b9d9-46b2-9909-9373190dd587,extrinsic,extrinsic,extrinsic
65647499-1482-4590-accb-1665bea6407f,no,no,no
65c6473d-ddb0-4fa5-875c-1d0374efb217,extrinsic,extrinsic,extrinsic
65d49745-607e-44c6-8e9d-faec65bb83ba,intrinsic,intrinsic,intrinsic
66542bca-77a2-4906-8886-c1c195eceafc,extrinsic,extrinsic,extrinsic
67046d30-1f4e-40c9-bad9-7b37e8f7cc78,extrinsic,extrinsic,extrinsic
675b1d6a-4a03-4ab7-8804-b9b6fe6c71f9,intrinsic,extrinsic,extrinsic
67927ee2-04d0-4ced-8e7a-d366bd54bce9,extrinsic,intrinsic,extrinsic
67fe4494-6d29-4f02-a7b2-a185aa69cace,intrinsic,intrinsic,intrinsic
68071266-c80f-4766-b785-049ce62ada2e,intrinsic,intrinsic,intrinsic
680af2b6-834c-49fb-bec9-ff138ceddd80,extrinsic,extrinsic,extrinsic
6877834a-195e-4bdf-b1d4-23212a23c8c6,extrinsic,no,no
689c9d43-69cf-4220-a030-0e66d7adf951,intrinsic,intrinsic,no
68a190ef-1dcf-4a4f-8659-6f0e4681ceac,extrinsic,extrinsic,extrinsic
68df9c98-ebd3-463f-b885-155caaf0433c,intrinsic,intrinsic,intrinsic
68f7ba84-2a7c-4104-91fd-ba9df35593ed,no,no,no
690a5658-2cc0-480d-ac82-7bdc123824af,intrinsic,extrinsic,extrinsic
6917531d-c66a-45df-b6f9-295fbc751864,no,no,no
6925a36a-bc37-4c32-ae8e-3e8c87b69188,extrinsic,extrinsic,extrinsic
694d4f4d-7b9c-48e2-964f-1f8d4f5e3a24,extrinsic,no,no
697ed824-9ea1-4036-965b-284f2fb2d5f5,intrinsic,intrinsic,intrinsic
69bc48d6-00fc-4c0f-bdbd-e521793803a4,intrinsic,intrinsic,intrinsic
69e353dd-d837-453c-83b1-8aa79a9d1e15,extrinsic,extrinsic,extrinsic
6a5ad4f5-3b21-4d7f-b21a-f1503ccba3b9,no,no,no
6a637673-a6a7-49c6-8840-d8df6abcf23a,no,no,no
6a988340-d97e-4ed3-a99f-c3a41aa855fe,extrinsic,extrinsic,extrinsic
6a9c9e6a-8dbb-4979-9fd8-8be854560ba0,intrinsic,extrinsic,intrinsic
6ab969ca-ad58-454b-818c-39853aa53528,intrinsic,intrinsic,intrinsic
6ad87c2e-a5d2-4a98-921e-8077f4aecf05,no,no,no
6add0fb0-7ac2-4db9-b9c6-7ba10d59a62f,intrinsic,intrinsic,intrinsic
6af4b858-bc70-4385-bdde-738809291fc1,no,no,no
6b1ca95a-22e4-4c70-862d-ac1cab0b842e,intrinsic,intrinsic,intrinsic
6b2d30ec-fc5d-4b95-9f49-73f9849f8056,extrinsic,intrinsic,intrinsic
6b5c91b8-333c-4d1a-ae96-922cd0c6da9e,intrinsic,extrinsic,extrinsic
6b7524a4-f97d-404d-8a6f-e95d9ccb637c,intrinsic,intrinsic,intrinsic
6b761281-8a90-456b-aa1a-144a4d12949f,extrinsic,extrinsic,extrinsic
6b8d5e34-a691-4af7-a189-6734d1b593e9,intrinsic,intrinsic,intrinsic
6c352db1-ca30-430a-af8b-80073734d99b,no,no,no
6c65a031-c5f5-4dde-8ccb-623a68bf10c2,intrinsic,extrinsic,extrinsic
6caafd04-c7da-41a6-be30-6d58741a5474,no,no,no
6cb97c8b-9ac6-4aad-9f66-49f255a12ea0,no,extrinsic,no
6cc463e6-72bd-465d-a45b-a6e090ddf186,intrinsic,intrinsic,intrinsic
6cec2b81-7611-4c0c-8428-833f3f0c4c7c,extrinsic,extrinsic,extrinsic
6cf83ec2-8ea5-4b58-a84b-cde36001b1c7,extrinsic,extrinsic,extrinsic
6d46c567-05a6-4882-87e3-a99c1ec50319,extrinsic,extrinsic,extrinsic
6d618c30-f354-4a27-a63d-fff706eeeb6b,no,no,no
6d9abf6c-8e26-47bb-9b3c-3e9222bc97e6,no,no,no
6dcb2b9e-e246-4632-a20d-2cd8bb6863a4,no,no,no
6dd33f7d-d559-4533-8bd3-70390c9e94ce,intrinsic,no,no
6de52e89-11aa-463f-9999-4ec310adab9f,extrinsic,extrinsic,extrinsic
6e18ca4d-1bc7-4251-bc65-9a1a80ab2a73,no,extrinsic,extrinsic
6e221c80-77ff-46ae-9772-6ae2b7fdd961,extrinsic,extrinsic,extrinsic
6e305662-432e-4959-b5c8-108893d6f8ce,extrinsic,extrinsic,extrinsic
6e3b3b8e-91f1-4d04-969a-e7bb98b9b372,no,no,no
6e403049-fad0-4923-86b6-f4decfb763fc,no,no,no
6fd73174-370e-46bb-83dd-dac7e025ae26,intrinsic,intrinsic,intrinsic
701a27f4-0890-4735-a780-dc43bfa957d4,intrinsic,intrinsic,intrinsic
70201de4-b0a7-47ae-aaca-d44d993ec899,extrinsic,extrinsic,extrinsic
705d6dbd-b3f5-4a60-898a-ab7bfd374780,no,no,intrinsic
707f33e2-fbaa-44b7-ac34-190a95bf63cf,extrinsic,extrinsic,intrinsic
70c9dd61-f908-4a6f-93a9-bde48403d276,intrinsic,intrinsic,intrinsic
70de091f-29c7-431d-9655-2adb620c9bbe,extrinsic,extrinsic,extrinsic
70f96a55-ce00-4e6d-b262-c57690e3917c,intrinsic,intrinsic,intrinsic
7195155d-ba89-49e3-bc9e-ec203289fc9c,no,no,no
71a999e4-86b1-49a3-b7e8-c588ed1a800f,no,no,no
71afd177-4757-4b1d-8a83-58afd3d58d2c,no,no,no
71cceca3-4556-4990-9696-ca9b7a8e2e5e,extrinsic,extrinsic,extrinsic
71cf31a0-43c1-44c6-8d74-cba341f26ef5,extrinsic,extrinsic,extrinsic
71f0d756-a1d1-47cb-b594-58dc753951d5,no,no,no
7204e373-b976-4a3a-88f0-fcfd311abcff,no,extrinsic,no
7205f86d-8359-4748-86cb-b1f9345ca95d,extrinsic,extrinsic,extrinsic
720abfc0-13cf-43a2-87d2-f059a8e9a0b9,extrinsic,extrinsic,extrinsic
7218dde2-cc5d-425c-92e6-b7f65be118f2,extrinsic,extrinsic,extrinsic
724c01df-236a-4f0f-8eb8-23fbd8ef67d5,no,no,no
72830b23-bb12-4d40-a86a-f011696502ec,intrinsic,no,no
7288a379-c954-4951-8960-4a3b4b2b2183,no,no,no
72e09dc0-3abe-4306-8fd4-0e552c230485,no,no,no
72e58b5a-3dd3-411b-8d42-5a74527e21ff,intrinsic,intrinsic,intrinsic
72f59cd8-1f83-456a-8c81-212df9939589,no,no,no
73099f0a-d4df-4d44-bafe-f9d53ff2590d,no,no,no
73330e7e-a5e7-4ec3-a284-438892e1b38e,intrinsic,intrinsic,intrinsic
74e87002-ffc6-4612-a1d4-4cfcd2f5013a,intrinsic,intrinsic,intrinsic
758463ae-bdbd-488f-94b8-0337ea28e33d,intrinsic,extrinsic,extrinsic
75bf28d4-ab04-45f9-8783-7eb2bcc04949,extrinsic,extrinsic,extrinsic
75ff795e-2079-41e8-aa52-6149118f7bdc,no,no,no
76d83e11-16d2-49fe-a37c-20303301a16b,no,no,no
76ddda9a-81fe-493c-a1b1-a600c0e64f30,intrinsic,intrinsic,intrinsic
76fc042b-83de-4d6f-8e83-1a20bc4bea90,no,intrinsic,no
771a8b3f-899e-4652-88d5-b963c4f20bab,extrinsic,extrinsic,extrinsic
773dbac9-5223-4220-b8af-50743e006fdf,no,no,no
774c2dc3-a0cf-41b3-92ba-1f35aaf1a7e4,intrinsic,intrinsic,intrinsic
77f50529-51aa-4596-901f-7a18e111fb66,extrinsic,extrinsic,extrinsic
78b44f84-5a3d-4f5f-8780-68382a8f0c3e,intrinsic,intrinsic,no
78bf380d-5710-4219-bff2-93576adce22d,no,no,no
78dbdb1d-12bd-4ec7-a426-33249da55a56,intrinsic,intrinsic,intrinsic
7975fd78-8e0e-42ac-9069-cfa9ee67c243,no,no,no
79decfed-3595-4c3f-a52c-8b11e2a6b51c,no,no,no
7a0638ed-c762-449f-91b1-bc8a0435a563,extrinsic,extrinsic,extrinsic
7a565549-8572-4651-a383-989607e4f14d,intrinsic,intrinsic,intrinsic
7a641b9e-52d5-48d2-afe1-66c0c8de3ef4,intrinsic,intrinsic,intrinsic
7b6b8a0a-4664-4e6d-9fe9-88de36ee2176,intrinsic,intrinsic,intrinsic
7bc4fd6e-38bf-4dc3-a4eb-d8f8b0780efa,intrinsic,intrinsic,intrinsic
7be70f08-2eae-4d86-9bde-9e1577096418,extrinsic,extrinsic,extrinsic
7c5a4bde-2036-4a24-bf4f-b5b59ea930fc,intrinsic,intrinsic,intrinsic
7c741184-f6af-48e6-bac6-8ca95ab09161,no,no,no
7d680ec9-30ec-449b-875e-0f388e00c89a,extrinsic,extrinsic,extrinsic
7db09f46-a004-4d6f-b581-2c0efcd0487f,extrinsic,no,no
7dd2bee6-4ee9-436a-b3e1-8e9778c7522f,intrinsic,intrinsic,intrinsic
7de6445b-7410-481d-acc0-e39278a23ac2,extrinsic,extrinsic,extrinsic
7e0e52a2-d205-4576-9307-90b4dfa5507d,no,no,no
7e195703-bf63-4b27-8c5e-0b64fcd4f073,intrinsic,intrinsic,intrinsic
7e276308-7017-4361-8472-dca66d5ba3ac,no,no,no
7e3b77cf-f953-40ea-ae86-fe3f09e2c339,no,no,no
7eaa2412-cb26-414f-89dc-81fe3723389f,extrinsic,intrinsic,intrinsic
7ed173c1-00fd-46ac-93c7-3b77947d7b7e,no,no,no
7f88ff88-e8d5-4b1f-83d4-fed8569abdfa,no,no,no
7f90cccd-e9a5-4972-aa85-e900b7165319,no,extrinsic,no
7fde144e-433b-42f0-a991-caa19621ac6c,intrinsic,intrinsic,intrinsic
800387d2-5d98-47cf-863e-f8d0a218b118,no,intrinsic,no
80109853-7184-43e5-b8d4-8c2f7f59ddcd,intrinsic,intrinsic,intrinsic
8018d0b2-3922-43d8-a5f2-056c4d7d82a1,extrinsic,no,no
801f645d-46e2-4a1c-a647-04a2bb1c4ea8,extrinsic,no,no
812ae535-af38-4ff1-bb1f-5c7481d7a78e,no,no,no
813a3708-8582-4bce-b6e7-2a1e9ce7c518,no,no,no
817db088-012b-40a6-aa22-e4cb51b02a42,no,no,no
8214bed5-fd97-464c-9220-821c4652d347,intrinsic,intrinsic,intrinsic
822a5384-9764-43f8-b3ce-a313811ed554,intrinsic,intrinsic,extrinsic
8244c8e4-6ee0-4d5e-a23e-bd0fdb4bc0a3,no,no,no
82bacc6a-cf3d-4129-828f-8fe01ab1f4a5,intrinsic,intrinsic,intrinsic
8345adcf-871f-45f9-980b-31154fc25ec4,no,no,no
8394e430-8c2b-41e1-a96d-89cc541eeaaf,no,intrinsic,no
83d82988-8aac-4aee-b495-15a7579b46d2,intrinsic,extrinsic,extrinsic
83ebd382-a2b0-49c1-a983-69c0f1908ce4,intrinsic,extrinsic,extrinsic
83eff098-0424-47fd-b6b2-37bec3ecace7,intrinsic,intrinsic,intrinsic
84128430-fd2e-4c77-b8cb-3b9a2293ff15,no,no,no
84747510-f8f1-4e21-884a-77e6e8bfc35c,no,no,no
8490ffe8-bacd-4255-b962-b5f56563a1b2,no,no,no
850fbfee-d13b-4fd4-8a8c-882fe247e8c9,extrinsic,extrinsic,extrinsic
859ef07a-074a-455d-a860-7f6ae4b38b74,no,no,no
85b9beca-d9d5-4a1e-8fcd-410825a5cd36,intrinsic,intrinsic,intrinsic
867121d0-dcb6-4332-bd10-268cd3a5ec29,extrinsic,extrinsic,extrinsic
86bcd1fd-a377-46f4-b415-9291cd2e720a,intrinsic,intrinsic,intrinsic
87002203-49dd-4d85-afa4-78ac1c1de21b,no,no,no
873ceabd-2ffe-4249-a3fc-93973ef39c2f,intrinsic,intrinsic,intrinsic
87ff6912-344c-425b-9fe9-ceb7d61c9fd3,intrinsic,no,intrinsic
8821d416-ac51-4e3a-812b-4ad688078615,extrinsic,extrinsic,extrinsic
883238f3-9e31-409d-96c0-af2b4f947314,intrinsic,no,no
8833f217-0e1c-4d50-b19c-1f577c805799,no,no,no
884260d9-e6fc-4ea1-a032-c870b93a4a31,extrinsic,extrinsic,extrinsic
88730af7-0ae3-45ba-8452-e46c6fe8d72f,intrinsic,intrinsic,intrinsic
8877efc9-a031-41f4-b01e-f7db734ec63a,no,no,no
887b6b38-6ccf-4b02-ad65-22ee246dae87,extrinsic,extrinsic,extrinsic
88950ee2-4f66-4cf9-b4ec-8fd441624b59,extrinsic,extrinsic,extrinsic
88aa3d1e-fce1-4c2e-ad28-ca823be777c6,no,no,no
88e2a7cf-1130-4f52-adad-9d02939ad57d,no,no,no
89137731-cefb-4c21-83dd-22a12a614a86,extrinsic,intrinsic,intrinsic
892d17f1-9b97-4d05-bb8a-2d4c5c181d5c,no,no,no
89306ef4-a61b-43ed-befe-175d1085161e,extrinsic,extrinsic,extrinsic
893332b5-aaa0-46b3-9170-8dfdcc6751b6,no,no,no
8974a55b-c3f8-49f0-a5a3-ef6905c45e8a,extrinsic,extrinsic,extrinsic
8980a4d2-712b-43e8-b5f4-5e87dc310785,extrinsic,extrinsic,extrinsic
89b4e5d2-0d5a-4394-8bad-07796ba131c7,extrinsic,extrinsic,extrinsic
8a51556b-50cf-4590-872c-b90266dc3009,no,no,no
8a6add71-211f-484d-a85e-e84e9fb73043,no,no,no
8a81143e-86c4-4695-b126-87c79aaffe18,no,no,no
8b22bd8b-6bb9-4672-b786-b4b6db8db9a2,no,no,no
8b6d2e45-13a7-4159-a6fb-fe46acff6777,extrinsic,extrinsic,extrinsic
8b7ffa1e-f917-4ef5-88af-1e5c2809aee7,extrinsic,extrinsic,extrinsic
8c30adda-b8f8-4065-81d9-a3c4d39066d1,extrinsic,extrinsic,no
8c8d438c-5b23-4de7-ba25-45e399b59cc1,no,no,no
8cb4a435-73c9-4665-824c-b25c74a309ec,intrinsic,intrinsic,intrinsic
8d412e30-fc06-418c-8a5c-ae67437d44b8,extrinsic,extrinsic,extrinsic
8d99080b-4057-45e5-9136-b3973eb106dd,extrinsic,extrinsic,extrinsic
8dfa834d-cf68-49ed-955a-ab1369428d5d,intrinsic,no,no
8e051904-a906-4764-856b-63e1f778044a,intrinsic,intrinsic,intrinsic
8e549de6-4f92-4efb-8185-38921949c290,no,no,no
8e57ef38-cc60-478c-8e37-975b3300344c,intrinsic,intrinsic,intrinsic
8e58628b-c2ca-4c96-a221-17dffcd2658c,intrinsic,intrinsic,intrinsic
8e72eb90-1e22-4039-8203-e6bdc5e4dbb5,no,no,no
8ef0b9fb-0170-4c4f-96bc-afa0bc299e82,extrinsic,extrinsic,extrinsic
8f62d099-49de-4d32-8029-3bbbde0a9115,no,no,no
8f8aacf5-dcd5-48b9-9d03-1fb9d813a2f0,intrinsic,intrinsic,intrinsic
9051f315-cb8f-4d64-bfe1-a343e4d045b4,intrinsic,no,no
906efac7-32c1-40e6-a06d-65bc6f729fe6,no,no,no
90ebb24f-ab42-4d13-bb5d-a585e6cdb74c,intrinsic,intrinsic,intrinsic
914ffc3f-26e2-42c6-820b-88297e7cff12,no,no,no
92336dfe-6302-43dc-afab-9690906c5a90,no,intrinsic,intrinsic
92afcfbc-06ab-4066-982d-a425de98ac23,intrinsic,intrinsic,intrinsic
92c6ccd7-361e-4ab2-9086-22bd08bd9aaf,extrinsic,extrinsic,extrinsic
92d98693-0630-4b43-88c9-188f1dd4bf0b,intrinsic,intrinsic,intrinsic
92ecb120-378c-4d9f-a8f2-2a3761a68081,intrinsic,intrinsic,intrinsic
9358da36-a8a8-44e0-ba8a-c7a6179a9f29,extrinsic,extrinsic,no
9383ad68-3624-4185-8724-2fd750577fa8,no,extrinsic,no
939de4d9-824e-4319-a561-a239dbd9994b,no,no,no
941ea4df-2e9b-4371-9671-0c295ebb48b0,intrinsic,intrinsic,intrinsic
9494bec6-9950-4219-b257-6ce3f2302d2d,no,no,no
94ef0084-0448-4e36-987d-f39f664c7167,intrinsic,extrinsic,intrinsic
953239d3-e4e5-447b-9545-53fb8c9ecf6d,no,no,no
954982d9-4cf1-4cf5-bed1-7b12627c9842,no,no,no
9594ea1a-471d-4e9c-a7b2-77acc376ecac,extrinsic,extrinsic,no
96072d6b-82fe-40cd-a3c3-b43e96ad29ca,extrinsic,extrinsic,extrinsic
96125843-8d7e-490b-87b1-c5e9a7429250,extrinsic,intrinsic,extrinsic
963e56ca-6e0e-4b0a-be2e-c2a483ccb1c4,extrinsic,intrinsic,intrinsic
96a72bb9-1ab2-49c4-869c-965c4d330312,extrinsic,extrinsic,extrinsic
96b3dfc1-426a-4453-9b17-fe7dc142ef4b,no,no,no
96d329d2-d999-4028-a4ee-66d19639dbe1,extrinsic,intrinsic,intrinsic
96f3f023-2ccf-46fa-8a3a-ae84ab663e5b,no,no,intrinsic
97488adc-0fff-477d-b92d-3db5eeb7e39b,extrinsic,extrinsic,extrinsic
97e07b99-cc8c-4b4f-bef1-251f23c80606,extrinsic,intrinsic,intrinsic
97e41847-2b96-4991-ae06-943461bbaeec,extrinsic,extrinsic,extrinsic
97f68060-274c-4e65-b0f4-ee14c8d6fc67,intrinsic,intrinsic,intrinsic
9824a659-965f-46b6-b03b-e2141ef43753,extrinsic,extrinsic,extrinsic
98a56fc1-40d8-4bfc-af8e-fdbe1599ce38,no,no,no
98b22402-3659-4d51-9e6c-2b64591c8907,no,no,no
9967fa5e-03bd-42cc-afc3-8597f8a69ea9,extrinsic,extrinsic,extrinsic
99940e24-26e7-4efe-8b84-f53a0a87762f,extrinsic,no,no
99d42679-51ab-400c-9c25-1632bb751cff,no,no,no
99d8b050-f928-4b69-b350-606fcf632b35,intrinsic,intrinsic,extrinsic
9a862978-4892-4bfb-9290-c2baf5dc892b,extrinsic,extrinsic,extrinsic
9a8cb76f-857b-4045-bf21-10ab1521d149,intrinsic,intrinsic,intrinsic
9b52adae-ba15-4735-8168-61b3f5e0edce,extrinsic,extrinsic,extrinsic
9c05e4d3-f988-40a4-be96-ce73c4b93e83,intrinsic,intrinsic,intrinsic
9c06b70f-1047-4ba3-91b9-e0b674bb2065,extrinsic,extrinsic,extrinsic
9c3e4d7e-4015-4ae9-9f7a-a7bee58e17d3,intrinsic,no,no
9c43f72b-8956-467e-806c-4b1f7fdbf574,extrinsic,no,no
9c72f696-07fc-4577-b376-a9df6819ec0b,no,no,no
9c9c3400-66ac-484d-b6ee-75bc28748ec5,intrinsic,intrinsic,intrinsic
9cdd127f-eda7-4aa1-ad48-3c85b66e5c53,no,no,no
9cf16694-6960-4b5f-9999-80a75ec09e97,no,no,no
9d61cdae-d8d5-45bd-b298-12bb272e0d03,no,no,no
9d8ca23f-a3d9-4671-a700-ffae157e5ad9,no,no,no
9da3727c-702f-4ad7-9210-ff16b9f8565d,no,no,no
9db7bd3a-813c-4161-91a5-957b3e4badea,no,no,no
9de928f9-5568-4766-aba5-ccfb4c021cee,intrinsic,intrinsic,intrinsic
9df9bf5b-61b9-4b69-8782-3b9bb35c1b45,no,no,extrinsic
9dfb316a-25da-4851-972f-dcc81b1dadde,no,no,no
9e86cc79-3fa0-4830-b429-c97f37c0f9b8,extrinsic,no,no
9f29c0e3-b986-4648-b73d-67a299f478bf,intrinsic,no,no
9f8dda53-1640-4afd-af8a-6bc4f7cfa458,no,no,no
9f924e27-935b-491f-8cf6-7681974a5752,extrinsic,extrinsic,extrinsic
9fd01348-e763-48d5-9732-c67eeaacb26a,no,no,no
9fd4ba00-0069-42ea-9f92-fa464225e901,extrinsic,extrinsic,extrinsic
9fdf6ab0-4bca-4fe7-b8e8-f8a283c0c1dd,no,no,no
9ff9db31-4b87-4e6f-80e6-1e41b2299688,extrinsic,intrinsic,extrinsic
a04a8581-2b9f-4efc-8eeb-9d8aa2fe17a8,extrinsic,intrinsic,intrinsic
a0b7a79e-855e-4ad5-9419-a964e3b52f52,extrinsic,extrinsic,extrinsic
a0da25a2-5b60-446e-b012-6a3b43b25534,no,no,no
a0eb8b7e-ff26-4c71-bcf5-b7461b839751,intrinsic,intrinsic,intrinsic
a0f98164-22ec-4b64-9bc1-5e105887f806,no,no,no
a11202ae-1a32-4815-8845-b1029738ef36,intrinsic,intrinsic,intrinsic
a1255b76-6d73-4a3e-bfed-a1502d700026,no,no,no
a17f5668-bf62-4df8-9186-0f31faea49f2,intrinsic,intrinsic,intrinsic
a1ac4aeb-af6f-4f9a-804e-870eb4213e92,intrinsic,intrinsic,intrinsic
a1c135da-1c3d-4ce9-b309-947d44a65ac0,intrinsic,intrinsic,intrinsic
a1d0b732-f642-4c27-a5ca-c95c83d46607,no,no,no
a319e463-30bb-48c6-8f27-5726bd67e956,intrinsic,intrinsic,intrinsic
a325ebd8-0391-41ce-856e-988d51b0b689,no,no,no
a351de38-60b7-4803-be4c-9e3f01157099,no,no,no
a3879db4-d2c0-473e-ac56-58ccbebbdcd2,no,no,no
a3b93f99-fa41-4b0f-87e2-50f56898e7b2,intrinsic,intrinsic,intrinsic
a40f08df-2d07-4c44-932b-1e95fe8479d7,intrinsic,intrinsic,intrinsic
a4e62bac-e4da-4d7f-844e-6d5f8db6e748,intrinsic,intrinsic,intrinsic
a5257a90-b4df-4bc2-94b7-cab813438cd0,intrinsic,intrinsic,intrinsic
a54188c5-7c40-4742-a9ab-6289a89bee82,extrinsic,extrinsic,extrinsic
a5622bf2-67ab-4f98-8d06-10681609f609,intrinsic,intrinsic,intrinsic
a5e1351a-81b2-415d-80b8-7a99ac9de25b,intrinsic,intrinsic,intrinsic
a615a7b7-aa8a-4150-8d14-b932dd611298,intrinsic,intrinsic,intrinsic
a62370c9-bf48-48ba-bc14-08cd107faad6,extrinsic,extrinsic,extrinsic
a637203d-0247-49fd-8525-383735b4770e,intrinsic,intrinsic,intrinsic
a66680e4-2093-42bf-801c-56dccedd7f7e,no,no,no
a685cba8-341f-43b3-8704-35e02c1be713,extrinsic,extrinsic,extrinsic
a6a3b33f-0e8e-4cb0-8128-a38f1caf83d1,intrinsic,intrinsic,intrinsic
a6df7a83-680f-4805-890f-a85639952854,no,no,no
a702aec4-4fab-47f0-a312-9b776a909714,no,no,no
a729f486-5a8d-49f7-843c-a9657bf42a7f,no,no,no
a743b733-ad4d-4d03-96d1-d6ea42ea704f,extrinsic,extrinsic,extrinsic
a75e75e9-11da-4670-abb5-869e3c994007,no,no,no
a7cef023-f09f-4287-a98f-ba357492402e,no,no,no
a7e760e2-c025-43de-95fb-7bccb97a7406,extrinsic,extrinsic,extrinsic
a81b904d-02f7-4dad-b19b-64c9686a9408,extrinsic,extrinsic,extrinsic
a82529c5-bbb0-422d-8426-11fff9847121,no,intrinsic,intrinsic
a863f3b7-9e60-45a8-a687-db60d94437ca,intrinsic,intrinsic,intrinsic
a86c5ac8-ec2c-4ed9-91bb-384a2ae1682a,intrinsic,intrinsic,intrinsic
a8c64e73-c38d-47d7-9877-5dd418ed6c7e,intrinsic,extrinsic,intrinsic
a9282713-53c4-40cb-90fa-d4437f4a1924,no,no,intrinsic
a9c76f94-b855-4cfa-a389-c9ee0a7a6df3,intrinsic,intrinsic,intrinsic
aa2e5abd-2c65-418d-8c86-1377c0aee9ba,no,no,no
aa5ed523-517f-4e2e-a2b7-0090cc1ef25d,intrinsic,intrinsic,intrinsic
ab02696a-5cf2-4b4b-b491-5b019253a01b,no,no,no
ab312c8f-1587-4e94-95b2-8f752a14e9c4,extrinsic,intrinsic,intrinsic
ab434ccb-17d8-4930-8cf2-a3783b7c2a0f,intrinsic,intrinsic,intrinsic
abdb1d1e-e08e-44ce-bf8a-cb2e61e6e230,extrinsic,extrinsic,extrinsic
abee331b-70ba-41ab-a306-033c70078acc,extrinsic,extrinsic,extrinsic
ac55dad7-1465-4888-8528-dcb46deecd84,no,intrinsic,intrinsic
aca88ce5-160c-45da-873c-727f6b386e72,no,no,no
acc572cf-d477-4830-9cd1-dc8f39874f1f,extrinsic,extrinsic,extrinsic
acf7d525-7fa2-4bad-95c6-ce8d3df00a2c,intrinsic,intrinsic,intrinsic
ad19374d-20c7-4f7d-b768-be2ce3cc75a6,intrinsic,intrinsic,intrinsic
add32b05-ad3b-4dd7-ba12-5f97b5141964,intrinsic,intrinsic,intrinsic
addfeee1-17d6-4e5d-b494-8d41142cd379,intrinsic,extrinsic,extrinsic
ae080bc5-c02a-4538-9a8e-4ec4cdfc91fb,intrinsic,no,no
ae11ddc6-ebef-4787-b6e2-617e37338a35,intrinsic,intrinsic,intrinsic
aea2d0d2-cecb-43b5-97db-0674e01a8e49,no,no,no
aedb6585-4c5f-4347-848b-aaa8983c8bb0,extrinsic,extrinsic,extrinsic
af968814-1b18-4b77-90a2-5b0fc7b535d4,intrinsic,intrinsic,intrinsic
afad124b-bb43-4a5f-8a49-9461ec251f53,intrinsic,intrinsic,intrinsic
b00e177d-c66e-495b-ad46-093a2fe63cf9,intrinsic,intrinsic,intrinsic
b047405d-fe1d-4bd6-af65-8f60194945c4,no,intrinsic,no
b088e3ff-174a-4ad6-8e75-97a728fe9057,intrinsic,intrinsic,intrinsic
b0fbb648-c25f-47bd-8536-e29ecf1ee4f0,intrinsic,intrinsic,intrinsic
b1471858-da4d-42d6-bdd5-cdce60a9d0ee,extrinsic,extrinsic,extrinsic
b1b4340a-7d7d-453e-9d21-f833b38e27d5,extrinsic,extrinsic,extrinsic
b2366ce4-629b-4dad-a70f-85e50cfd8de0,intrinsic,intrinsic,intrinsic
b23c25fb-20ba-4e02-bc20-17a70660a2ef,no,no,no
b2480ed9-530b-4495-bf4e-84228c545be7,intrinsic,intrinsic,intrinsic
b2582ebe-5f5b-4e52-8ed6-eecc9d159b9b,extrinsic,intrinsic,intrinsic
b26e4914-d9e4-4226-9e9f-7d1c0015b679,extrinsic,extrinsic,no
b29bb88f-82d7-4374-8b07-f8848a89abe4,no,no,no
b2b4ef56-fc1c-4b68-a6cc-4eca5a52a461,extrinsic,no,no
b34a4c31-049d-447b-8fb6-817a7357e455,no,no,no
b34d9fc4-36e4-40e2-9fdd-0217a1f2ff92,intrinsic,intrinsic,intrinsic
b39bd203-7108-4f6a-b5e6-8416cae90d73,intrinsic,intrinsic,intrinsic
b44bd5ff-9c89-4a3a-909d-51f60e93833f,no,no,no
b46fc254-959e-4730-abce-4c6e60e30618,no,no,no
b4ce1b73-d63e-445e-b7b5-de4ea24c9df2,no,no,no
b4d56f6f-fae4-42d2-88ab-8b1d0763cbec,extrinsic,extrinsic,extrinsic
b4e75634-05c3-4173-a046-6fd18815f1a0,intrinsic,intrinsic,intrinsic
b5256246-688d-4635-9235-5e349f424400,no,extrinsic,no
b59c7511-d65d-4a19-97e4-975313ff182e,no,no,no
b5ea2e86-1e36-457e-9f81-3d24644b4d9c,no,no,no
b5ef7227-1b5c-4896-9491-129ccbb3e4a1,intrinsic,intrinsic,intrinsic
b691d38c-4c07-4e19-a19d-76d5bf758d01,no,no,no
b6c8a976-9ddc-45ac-8e43-b128664aef5a,no,no,no
b717faf8-7815-41f5-b5a1-9b0de2c768ac,extrinsic,extrinsic,extrinsic
b723953c-f9e6-4cfe-9e6b-d8ebcbc0b662,intrinsic,intrinsic,intrinsic
b73cc633-174f-4444-bb9d-9316adf4c476,no,no,intrinsic
b8100b85-27f7-4349-9c8f-3dcf4f6978bd,intrinsic,intrinsic,intrinsic
b81427e9-81fe-4937-803a-9b96e2dc453b,extrinsic,extrinsic,extrinsic
b81d10fe-cc39-495e-918e-2f6ccd266ec6,extrinsic,extrinsic,extrinsic
b8692bf3-b449-4f00-822b-f302d78cd86a,extrinsic,extrinsic,extrinsic
b880f997-afa6-4a46-8877-5a1075e94817,extrinsic,extrinsic,extrinsic
b8a5d109-3890-4de2-8a8a-edb39be98e1c,no,extrinsic,extrinsic
b8db0e54-2cc6-4583-8695-39640d514c8f,extrinsic,extrinsic,extrinsic
b8fb4b7d-89a0-4e83-806e-aba144a58af3,intrinsic,intrinsic,intrinsic
b91a17fb-406d-4cbd-a739-c5d564ee3579,intrinsic,intrinsic,intrinsic
b953e92b-2da2-44e2-95a6-a1bf4545e5de,intrinsic,intrinsic,intrinsic
b9daa534-ab2f-4183-9073-aa34bbf19596,extrinsic,extrinsic,extrinsic
ba3c41d5-35cc-4a96-aa24-7212bba470cb,intrinsic,intrinsic,intrinsic
baf9bf20-1e36-41e1-b9d9-bf8a201db3bf,extrinsic,intrinsic,intrinsic
bafcea16-64be-4481-8b3e-7b9c54de0caa,extrinsic,no,no
bb2f1aff-3cc7-4c23-b5e0-4523a5cbd67d,no,no,intrinsic
bb460eeb-216d-4b34-b199-c3c74c89152c,no,no,no
bb946923-3553-404b-b629-ea11e191b561,extrinsic,extrinsic,extrinsic
bb9d8fe8-fc20-4137-bdd7-dfd54aeb8c5f,extrinsic,intrinsic,intrinsic
bbba9bd6-0edd-4b0f-90fb-ab89728d1489,no,no,no
bc0a96b3-d8e9-4ab0-ac5f-1c70726fca31,intrinsic,intrinsic,intrinsic
bc3e5206-dcd6-4c91-90c6-1026fd41bd16,no,no,no
bc51e299-06e8-4958-85f4-8368962492e7,no,intrinsic,intrinsic
bc5b2140-59ba-489c-b8d3-c1abed64a8a4,extrinsic,intrinsic,intrinsic
bc9ddc9a-76c3-4e88-a30d-57dbc75879e9,extrinsic,extrinsic,intrinsic
bd02dc3f-84b6-4709-a251-cabc70948060,intrinsic,intrinsic,intrinsic
bdcab8a7-56c3-4fca-b223-ea9cab309693,intrinsic,intrinsic,intrinsic
be42b321-6d7d-44bb-89b0-5b23f331cc41,extrinsic,intrinsic,no
be5af7c4-fcbe-4553-88f5-c18f24fed1a7,extrinsic,extrinsic,extrinsic
be67cbe4-8b5b-4ad7-b883-d624e4261e5d,intrinsic,extrinsic,extrinsic
be90b2da-16d9-4660-b21a-6029e8ede81e,extrinsic,extrinsic,extrinsic
bf5fd2ce-c003-4019-ab6a-651da531b515,extrinsic,extrinsic,extrinsic
bf9c4116-cc38-4667-9d36-9bd80711477b,intrinsic,intrinsic,intrinsic
c0b79172-4d13-4988-a7e7-0e184023c3a8,intrinsic,intrinsic,intrinsic
c0f7e2a5-4e3f-45c9-ba3c-12280a46095a,extrinsic,extrinsic,extrinsic
c0fa996d-cbea-45eb-91c5-c748a5b2c115,intrinsic,intrinsic,intrinsic
c10ce2d6-1705-48eb-afbf-b779841ec571,extrinsic,extrinsic,extrinsic
c11afad7-2825-4812-b9cb-556250fef9fe,intrinsic,intrinsic,intrinsic
c1a621b3-97e0-486e-9e73-5b291bc57523,intrinsic,intrinsic,intrinsic
c269ae46-e7e9-421c-bb04-5dd1b3732dfb,extrinsic,extrinsic,extrinsic
c26fa3e1-9143-4210-95cf-991192440ff4,intrinsic,intrinsic,intrinsic
c2ad0406-feec-4e6d-ba8b-4255ccd5e6dd,extrinsic,extrinsic,extrinsic
c2b1e040-ce22-4fd6-b09b-dc7a1cc3b6d3,no,no,no
c2e450df-830d-4191-990e-846da1c8abd3,intrinsic,intrinsic,intrinsic
c2e6af97-4082-42c2-a06a-0081cfc38f20,extrinsic,intrinsic,intrinsic
c2f4728b-5940-4986-96cc-1f50b88f2204,no,no,no
c362ad9b-e8c4-4147-964c-20ea7f4b305b,intrinsic,intrinsic,intrinsic
c45ca0e3-c616-48a1-abbe-d43bdbd56f77,intrinsic,intrinsic,intrinsic
c48bca74-db95-498b-8ccc-e73c79991cd3,no,intrinsic,no
c4f5edd2-47fb-430e-8b91-e93d1012669e,intrinsic,no,no
c514fa7a-2c49-4223-979d-5b367fcf9f0b,no,no,no
c554a63f-460c-460f-acbe-a77f9c411ae1,no,no,no
c570950e-f935-452a-bac1-5bf5ccc03a3b,intrinsic,intrinsic,intrinsic
c5b21a74-53e4-4871-9a85-5950c637ec4a,intrinsic,intrinsic,intrinsic
c5ebfc96-08ff-4668-85e6-3ec505ed8f26,extrinsic,extrinsic,extrinsic
c6126059-59e8-4694-aa95-8918b996b075,no,no,no
c64b213d-4d4b-4052-b492-7c4329d1ee1f,no,extrinsic,extrinsic
c6b635bb-9313-4bca-93dd-6d0e2ed6e9f3,no,no,no
c6c598ae-628d-4c70-98e5-d16ca2c5cc4c,extrinsic,extrinsic,extrinsic
c6d42bf6-1ed4-4ec7-85f0-6c6c5b7ff8ac,intrinsic,intrinsic,intrinsic
c6e5184a-ebd3-415e-92c6-8f3e19c56da7,no,no,no
c74ce901-2201-4e15-8fd1-0de64ec5ba49,no,no,no
c753234c-75b5-4d7b-95b9-dae2fc860c3d,extrinsic,extrinsic,extrinsic
c75c5d6c-3ebe-465c-9925-27b200cef914,intrinsic,intrinsic,intrinsic
c7eb72cb-5196-48e2-baf2-5ffae5619c61,no,no,no
c862baae-261f-490a-9eab-725e08b30af2,intrinsic,extrinsic,extrinsic
c90bf193-5114-422a-ab53-d76c8299efea,no,no,no
c93ff51b-a8b2-4d0a-ab5a-d3025f2424a3,intrinsic,intrinsic,intrinsic
c945c554-c80c-4271-ad81-6ddc788c6d60,extrinsic,extrinsic,extrinsic
c970ebc2-d1a5-4659-889e-cd3e4673a535,intrinsic,intrinsic,intrinsic
c99d18c9-d813-4a21-bb3a-af1393b1f251,intrinsic,intrinsic,intrinsic
c9ee972a-bad5-49c3-ac0b-06e423f0715e,extrinsic,extrinsic,extrinsic
c9f935e1-2ede-4ffd-b5d2-e36dce5fdebe,intrinsic,extrinsic,extrinsic
ca075a36-bfb2-4178-94a8-c65d5b5d9c57,no,no,no
ca2ba8c9-9d82-4c6b-bd73-4e4a48300ff5,no,no,no
ca2e010c-653b-4884-b4e9-65778e5463fd,extrinsic,extrinsic,extrinsic
ca7d1776-243b-4c13-8efe-bb704e19b103,intrinsic,intrinsic,intrinsic
cb28f9ba-5cfc-468c-9876-3707f7c802d8,extrinsic,extrinsic,extrinsic
cb80641f-6c5f-4481-b4df-749268c4a0ac,no,extrinsic,extrinsic
cc4d42d7-0149-4ab4-aedf-b6ed34dc3549,no,no,no
cd028084-ae9c-46f2-9f03-de8e62f8597e,extrinsic,intrinsic,intrinsic
cd19cfd1-c1f9-4902-93ba-2e8725ecc4d5,no,no,no
cd79aa03-e31d-46ed-8578-44a57e52a74f,no,intrinsic,intrinsic
cd9693ce-a82e-4187-9b6d-576f71517567,intrinsic,intrinsic,intrinsic
ce39056c-4c61-4e45-a3df-0b4b436ed03e,no,extrinsic,extrinsic
ce5b1a9d-d061-4c03-8269-9857de05e801,extrinsic,extrinsic,extrinsic
ce6f02f0-56e7-40dd-ad7e-750a38a9e3ae,intrinsic,intrinsic,intrinsic
ce7c0897-4eeb-4550-978b-c1fa488ee976,extrinsic,extrinsic,extrinsic
cebeb227-3607-463d-96b6-bbef35ff70fe,no,no,no
cf1299da-74fe-4a83-88b8-ba181fb7f0b3,intrinsic,no,no
cf39c881-0596-4f70-85f2-1f1e61c6a814,extrinsic,extrinsic,extrinsic
cf3dc672-8aa7-4bec-89db-01e650c579b7,intrinsic,intrinsic,intrinsic
cf41682b-9539-4ced-865b-a935ef90a388,no,no,no
cf88d347-2d91-4a91-8352-650b9a2119f7,extrinsic,no,no
d00b08db-2e14-4d3d-8072-6c8b537ea164,extrinsic,extrinsic,extrinsic
d00b9e16-d2cc-4b72-a016-ce58d6163bc4,intrinsic,intrinsic,intrinsic
d01398a2-6dc9-4768-9d35-7b9c17571a60,intrinsic,intrinsic,intrinsic
d050824c-000d-4bef-9d14-ce2bdf7d4bd5,intrinsic,intrinsic,intrinsic
d09b85ce-07d8-41de-b289-362f99e76546,extrinsic,extrinsic,extrinsic
d0c1acaf-cbad-4545-bc9e-656a65882125,no,no,extrinsic
d0e50485-e87c-4b97-9c01-bf1eb6fd00b1,extrinsic,extrinsic,extrinsic
d0e5984f-76cd-4284-907c-f8d6db34167b,no,no,no
d12045df-ed4f-47ff-a2e7-e43fce04f40b,intrinsic,no,intrinsic
d1697a43-744c-4dc8-9507-39e7af52f8c5,no,no,no
d1960c32-895d-4bbc-99ca-3fd8ee7550f5,extrinsic,extrinsic,extrinsic
d1cbe0cc-13aa-4c1a-bd5d-550ee583f36c,no,no,no
d1eeb777-8ab6-4720-9285-9210e5a9942e,intrinsic,intrinsic,intrinsic
d1f29400-1f3f-4270-85ce-f5f37ed72a98,no,intrinsic,no
d25b70f6-634c-4719-94be-d80cbfbfde78,no,extrinsic,intrinsic
d43ba91e-8cc9-4491-be10-123ab80d9cf5,no,intrinsic,intrinsic
d47998c0-47df-426e-a119-6395c5be25f9,intrinsic,intrinsic,intrinsic
d48965f5-096f-4010-932e-0490ce944d5e,extrinsic,extrinsic,extrinsic
d50e2394-d8af-4779-918f-d1a5d12b82ac,intrinsic,intrinsic,intrinsic
d58f50e0-c902-42af-853d-b3a1f0acb489,intrinsic,intrinsic,intrinsic
d5e64eb6-f0c7-4eac-8b03-ba90dc386710,intrinsic,intrinsic,intrinsic
d64c2f72-9dfe-418d-a6a8-b2c2a68ef25f,no,no,no
d67854b9-fd19-4c3a-a498-9e061e2f60f5,intrinsic,intrinsic,intrinsic
d69e6143-18b9-4594-89c0-e1ae4a642e00,no,no,no
d6ae0f05-c461-4dd9-9910-e994611a79f2,no,no,no
d6e01ad4-269f-4adb-91d1-e4f44d8b3fcd,extrinsic,extrinsic,extrinsic
d759cf71-d61a-4730-a92b-740664cb0dab,extrinsic,extrinsic,extrinsic
d77875c3-2bfd-4c7c-a2b9-40328ea9890a,extrinsic,intrinsic,intrinsic
d7885b9c-e764-480e-8539-efcec8791d9a,no,no,no
d7de9bb1-61da-4b40-9c1c-d1f5886f7038,extrinsic,intrinsic,intrinsic
d808af3e-a94c-4a21-bef9-cc919a367e42,intrinsic,extrinsic,extrinsic
d85860a0-55af-4e4d-827b-dae2c9172489,no,no,no
d869c3b4-2b5c-4dc1-b852-e3f6137dd2c8,no,no,no
d87ff81b-d763-4e41-8157-9198d4cc9a2e,intrinsic,extrinsic,extrinsic
d8e9fc0d-5097-446e-8012-7f644f2c58ae,extrinsic,extrinsic,extrinsic
d9b6d5c2-c3da-4045-98a9-03ca7f815ba2,intrinsic,intrinsic,intrinsic
d9d9de9c-86b1-439d-a2eb-631b80401f96,extrinsic,extrinsic,extrinsic
d9fa62a9-6a64-4e18-a272-7e66dd0b3431,intrinsic,intrinsic,intrinsic
da47cfee-fb83-44a3-8467-d9089ef50ef6,extrinsic,extrinsic,intrinsic
da5a683c-1408-41d8-88b1-84c52b1b04c6,extrinsic,intrinsic,intrinsic
dac09585-222d-4ae9-aa06-931964547d18,no,no,no
db2ac035-d1d5-4bc3-8397-f6074a970b8b,no,extrinsic,extrinsic
db390564-7bbe-460b-9e71-f5e30ebfdca7,extrinsic,extrinsic,extrinsic
db9fd2b6-572e-4f79-ac88-664ba61d94a3,extrinsic,intrinsic,intrinsic
dbce7392-3d0b-48f4-957d-35c1af46f094,extrinsic,extrinsic,extrinsic
dbea6255-8fa1-49d0-952a-b3d8a25463ae,intrinsic,intrinsic,intrinsic
dbff6cc8-0265-4a9a-9611-065021a76411,extrinsic,extrinsic,extrinsic
dc158f5e-15de-402f-9b34-9c22e7769b7e,no,no,no
dc51746d-5290-4e76-b7c8-cfb6e972a006,extrinsic,extrinsic,intrinsic
dce23022-e25a-4320-a147-d4e9cf335030,no,no,no
dcee0b21-e294-4570-b5bf-d90e058b524e,extrinsic,extrinsic,extrinsic
dcf3a25c-469f-45be-a5e1-9c3387cacecc,intrinsic,intrinsic,intrinsic
dd172c49-0bb0-4a8a-aab5-223e44576055,no,no,no
dd1fb934-5e7c-48fb-a674-d6512aad252c,intrinsic,extrinsic,extrinsic
dd2ad4ab-ee4f-45fc-9b99-53a959f3ca31,no,no,no
ddb6f0fb-5e37-479b-a0f2-5d710af8b08f,no,no,no
ddcc7f99-879c-43bc-aaeb-5c1a00815b40,extrinsic,extrinsic,extrinsic
de4b7c30-7af4-4a05-8d30-c716137291a6,no,no,no
de582791-62a1-4f34-9c88-5df5cbad51a3,intrinsic,extrinsic,extrinsic
de68122f-88d5-4fb3-85d7-e48a26243215,intrinsic,extrinsic,extrinsic
debbe795-4c33-4509-b359-14f58ef09859,no,no,no
dee00dfe-24e2-48e8-9eb7-9dda94666e69,no,no,no
df3fc746-5a47-49a6-96af-99ab6d2c1ec0,intrinsic,intrinsic,intrinsic
df601a96-048f-4d0f-a818-e80accb9f36c,intrinsic,intrinsic,intrinsic
df7315cd-e5a7-4ad0-b4f5-ef533c32e8c8,intrinsic,intrinsic,intrinsic
df9ed544-b679-45ba-b362-6215052cb50b,extrinsic,no,no
e032f358-d691-47af-8942-8a969bb9ba4f,intrinsic,intrinsic,intrinsic
e04014d2-4a8b-4adf-82d6-763d701487bf,no,no,no
e053495e-2c23-4c9a-8509-81051e18c27d,no,extrinsic,no
e062bbad-9550-4880-93fe-d051e1276855,extrinsic,extrinsic,extrinsic
e091fe22-e66d-495d-a353-5670a0557342,intrinsic,intrinsic,intrinsic
e0d29483-25bc-4f70-a8b0-712278551206,no,no,no
e113593f-83eb-4232-9994-067584d3ce73,intrinsic,intrinsic,intrinsic
e11d16c5-3c44-4478-a833-811201a29caa,extrinsic,extrinsic,extrinsic
e1b536e0-4085-467c-b5ce-cfdff3179f45,intrinsic,intrinsic,intrinsic
e2172bcb-062b-4373-8078-a3a4906abd0d,no,no,no
e235a05b-3856-4333-824b-1b1d8cd96eda,extrinsic,extrinsic,extrinsic
e23f31b6-4a1b-4bf5-ab43-1ae46448cb4f,extrinsic,no,no
e2471e28-49a3-47a8-aa03-8dc80675c3e5,extrinsic,extrinsic,intrinsic
e27386ad-1ca0-45ce-86b9-12450511d701,no,no,no
e3637c04-26e8-45ab-9bd3-4223ce12fb7d,intrinsic,intrinsic,intrinsic
e379c527-14ff-4505-8723-5631a786a6fd,extrinsic,extrinsic,extrinsic
e3aae625-9f1c-490b-bc4f-912de1c52f65,extrinsic,extrinsic,extrinsic
e3d3259d-5981-44d7-b971-c3b951166e6b,no,no,no
e3edede4-2c14-43ca-9a0d-5814d868cc47,extrinsic,extrinsic,intrinsic
e3ffad91-84f9-4e10-b89c-f0ccc93478f4,no,no,no
e4271573-d1b0-45b2-8e61-21ee3e67b5bb,extrinsic,extrinsic,extrinsic
e44dc05c-ed9c-49e4-b2c9-8c5304ec5baf,no,intrinsic,no
e461e466-e91a-44b2-963b-b9874cbabe2d,intrinsic,intrinsic,intrinsic
e49952f5-56c8-4903-8d64-511e51d49269,extrinsic,intrinsic,intrinsic
e4bd58f3-e1d1-4175-8c3f-d137d3924712,intrinsic,intrinsic,intrinsic
e5127852-bce0-4ae8-9c76-ab7d97ecc77a,intrinsic,intrinsic,intrinsic
e5913022-153c-4a29-956f-ec85bbbb3300,no,no,no
e5b46658-51a3-4709-a1ff-31476fe515bc,intrinsic,extrinsic,extrinsic
e5be0c83-967e-4f7f-abbe-95c220ed28ed,intrinsic,intrinsic,intrinsic
e6517e97-f81a-4b9c-b8ea-30dcbb38d011,intrinsic,intrinsic,extrinsic
e65e71c8-608e-4c60-b856-6f6e05859cd8,intrinsic,intrinsic,intrinsic
e6a58b7b-4605-4020-ae85-29274f577057,intrinsic,no,no
e6d7fac1-88bd-4b6c-b9e0-b37184673d51,no,no,no
e72e4c71-f1c7-4362-8da0-39564f68d173,no,no,no
e736e904-59af-4473-bdaf-50a0a69eca75,extrinsic,extrinsic,extrinsic
e798811c-b502-4c5c-9247-5e713573a7f4,extrinsic,intrinsic,intrinsic
e79b1964-5881-481d-8aaf-25b255be6701,no,no,no
e7e71ad1-a885-4e35-a123-b717921ed46f,extrinsic,extrinsic,extrinsic
e8a3a18c-1f5b-4f30-9887-9bfae182e806,extrinsic,no,no
e90307d5-1e4b-4d9b-9ea9-b65e6a97d70d,no,no,no
e9132636-b310-4568-8dd5-d9853dd37d19,intrinsic,extrinsic,extrinsic
e91dab60-5ded-4e69-b4de-0151dd679051,extrinsic,extrinsic,intrinsic
e94868be-e59b-444a-8952-9d8d03236625,no,no,no
e9f2f6f6-8abb-4eb0-ae6e-3298bd35e0f3,intrinsic,no,no
ea3229bb-5790-4da1-b114-2222327612fb,no,no,no
ea37876f-ee70-4cc5-bff4-98a3c62a7a75,intrinsic,intrinsic,intrinsic
ea58355b-7f0b-4e5b-a902-6c4981082b2b,intrinsic,intrinsic,intrinsic
ea5ff392-b672-45f1-b100-1e352eae1168,extrinsic,extrinsic,extrinsic
ea7fb58c-a1a6-47cb-8c59-226302ef2d65,extrinsic,extrinsic,extrinsic
ea7fc4e4-87dc-4f41-ba42-aef8a406f2b1,extrinsic,extrinsic,extrinsic
eaf98b87-fe19-42ee-9a56-d4ce3db8c51c,no,extrinsic,no
eb1b7439-24e1-4583-977f-7405b8275f07,extrinsic,extrinsic,extrinsic
eb386e11-3129-4f14-83c2-8b53c618cfa1,no,extrinsic,extrinsic
ebb7ba3e-ed5b-4fba-81dd-5176f45a0a92,intrinsic,extrinsic,extrinsic
ebfc1f99-66c3-47cb-882c-0caee8019894,no,no,no
ec9bd929-dca4-4aa5-a960-dec203233acd,intrinsic,intrinsic,no
ecfe8672-e7cc-4b03-a661-d25e5364bf78,extrinsic,extrinsic,extrinsic
ed184708-8b9a-4acb-ba86-877ffa6f84c2,extrinsic,no,no
ed5ec01a-6326-440b-96ed-39b48db8f742,no,no,no
eddf2fa6-0100-489f-81fc-7a8e8f002829,extrinsic,extrinsic,extrinsic
ede8b9ca-ea59-4fa2-bca8-718e0d4d88da,extrinsic,extrinsic,extrinsic
ee12711f-ec95-459d-ac65-f2243e50c695,extrinsic,intrinsic,extrinsic
ee4a5988-b318-487b-accc-ab3a9adef38f,intrinsic,extrinsic,extrinsic
ee6d9a6f-3c74-4a4d-b087-51a7a26159ce,intrinsic,intrinsic,intrinsic
ee9558ea-2863-40b6-a197-43777b89e08b,no,no,no
eeb89a69-f44c-4088-8e30-21c8dc32af93,extrinsic,intrinsic,intrinsic
eed626b3-cb5e-48a9-b074-7191b52f9773,intrinsic,no,no
ef00a56b-1062-41f3-add3-d4b18cd5da0b,no,intrinsic,no
f02f8fee-670a-45c3-a685-3127a2f8e02c,extrinsic,extrinsic,no
f071cba5-3976-46f5-8330-64166025d940,extrinsic,extrinsic,extrinsic
f09d1300-bd5f-4588-ba1a-62277d00a2bb,intrinsic,extrinsic,extrinsic
f0e8c8a9-aba4-4a7d-a24d-e6bc1a555045,intrinsic,no,no
f147564b-b040-4d4d-9a55-b45bcf0fbe99,intrinsic,intrinsic,intrinsic
f151129c-b9d7-464f-8b7e-2a1ba4d45202,extrinsic,extrinsic,extrinsic
f174f0e1-3612-477a-b421-da08665bc66a,no,no,no
f177a1c4-7f00-4ab2-ae59-7c4606fe6b48,extrinsic,extrinsic,extrinsic
f17e7e1c-bc75-4d5f-bede-edd74380854c,no,no,no
f19eb828-8f79-4b4f-bfab-9ad359ebddb2,extrinsic,extrinsic,extrinsic
f1c7afa2-50fa-4a09-9f0d-f147f9b615f4,no,no,no
f282f41c-3cca-49ab-b091-7505f27c7f44,extrinsic,extrinsic,extrinsic
f2c5b7b2-dd80-421b-afc1-a9fb16ee7a45,no,no,no
f2e8407b-cc39-412b-9450-75397444ede9,extrinsic,extrinsic,extrinsic
f34e0a55-9da2-47c2-94de-f8564dce6a00,intrinsic,intrinsic,intrinsic
f3959265-f72d-4651-9f85-50598e0f3185,extrinsic,extrinsic,extrinsic
f4285568-dbe2-451b-b65d-b0c6cc0a1780,extrinsic,extrinsic,extrinsic
f4421de6-b3fe-48de-8984-daa144caa549,extrinsic,intrinsic,intrinsic
f49308e5-fb92-4084-a5c9-082256776506,extrinsic,extrinsic,extrinsic
f53b360b-9608-43e1-88d8-4f65e24f34a2,extrinsic,extrinsic,extrinsic
f548a418-b8bc-4769-8072-59e0e9aa7945,extrinsic,extrinsic,extrinsic
f55ca321-d311-41a0-975b-e03a46ef808c,intrinsic,extrinsic,no
f60475e1-b32b-4821-a793-32421cf7889f,extrinsic,extrinsic,extrinsic
f65c6ace-cf8b-4002-ac7a-c21b706de9e3,no,no,intrinsic
f68696b7-d0a9-44f9-b85c-7c7545a412b1,no,extrinsic,intrinsic
f6bd6225-cdaa-4503-bbcd-9b239e1a76ba,extrinsic,extrinsic,extrinsic
f6dbe98a-0720-4a82-bde6-a4557ed51849,intrinsic,intrinsic,intrinsic
f75de3c4-d872-4e67-ad55-2a71f129a713,extrinsic,extrinsic,no
f82dd186-5f31-443b-840d-983e58a073b1,no,no,no
f83247a7-4f49-4bb9-971c-434d600077a4,no,no,no
f85bfeca-cefd-485d-8476-6aded35d40b7,intrinsic,intrinsic,intrinsic
f8761d27-e030-4798-81f0-dd93167be62a,extrinsic,extrinsic,extrinsic
f88e821a-430f-4ce0-9ee4-877ede78368c,intrinsic,intrinsic,intrinsic
f8e44bbf-491b-463c-8c3d-a5b83508a738,extrinsic,extrinsic,extrinsic
f8e9e028-0429-4802-b252-832cbbba5a48,extrinsic,extrinsic,extrinsic
f940940b-d596-4b81-8a97-f2d4b961b267,extrinsic,extrinsic,extrinsic
f98759ca-80a3-489b-b106-aecd1a925c01,extrinsic,extrinsic,extrinsic
f9efe3d9-45db-4dc1-86e0-97c6ef79c466,intrinsic,extrinsic,intrinsic
f9f5dc37-2828-4e50-bc63-d24f105fa3b8,no,no,no
f9f9bf0a-84cd-4a79-a7b2-57adb869187e,no,no,no
fa02517a-f010-4b98-b3ab-92c64f6bfee9,intrinsic,intrinsic,intrinsic
fa4f95f4-58a2-4c02-aa2c-46e4eac2cde4,extrinsic,extrinsic,extrinsic
fa75d844-8210-4dbe-8a1a-472b4961c07a,extrinsic,extrinsic,extrinsic
fa8a79f1-e76e-425c-8be1-7f6208aa87a6,intrinsic,intrinsic,intrinsic
facee70c-112f-4e39-b3d9-2ddb1a2141f1,intrinsic,intrinsic,intrinsic
fad88c66-ca90-40f0-83ed-e12b2e34bbfe,no,intrinsic,no
faff3525-d438-4a74-a1e8-c25bb0ed076f,intrinsic,intrinsic,intrinsic
fb16a1f9-c024-491e-9a0a-b781727c5dbb,intrinsic,intrinsic,intrinsic
fb1e91c8-82b8-4490-91af-e79e1772543f,intrinsic,extrinsic,extrinsic
fb4d4f2f-e044-4583-acbe-598aaaed46d6,no,extrinsic,no
fb5095a0-9b20-4cb3-a708-e8fdc3ca1ae8,intrinsic,intrinsic,intrinsic
fb7c126f-6cc9-4b8e-bdef-f834bea1909a,intrinsic,intrinsic,intrinsic
fbbc880a-8db4-4814-b493-bb7ffd10d68c,intrinsic,extrinsic,intrinsic
fc3dd2a9-022b-4b7c-b1c8-e69eec3b6b3d,extrinsic,extrinsic,extrinsic
fc5f97e2-62f8-4d3e-a352-ca6f31d5ce1b,extrinsic,extrinsic,extrinsic
fcdd60ce-4047-4d35-8ec3-47709b1ce10e,intrinsic,extrinsic,extrinsic
fd5190c9-a389-4ccb-aee6-12473797e806,intrinsic,intrinsic,intrinsic
fd61ecd5-0ff0-432f-a436-62447d3fd394,extrinsic,extrinsic,extrinsic
fd7bfc71-17ec-446f-bf94-a271b3da25e8,no,no,intrinsic
fdb5bb97-5ccf-4074-b386-4c5c8e1944bc,intrinsic,intrinsic,intrinsic
fdedd236-4085-47f8-b62a-242263062aaf,extrinsic,extrinsic,extrinsic
fe1473dc-2504-42d2-9448-a54d53a6c31d,intrinsic,intrinsic,intrinsic
fe62f421-4171-4de5-96c4-2a89b7fefa86,extrinsic,extrinsic,extrinsic
fed30220-b69a-46b5-a2eb-59925d69500f,no,intrinsic,no
fed66fa0-f6e6-4f64-9043-8060703b28a1,no,extrinsic,no
ff9e60b1-6127-44c5-be25-5aed48a855a7,no,no,no
fffb4d8c-2aa0-4da3-ad64-cb1497a2911d,extrinsic,extrinsic,extrinsic
